source_id,band,product,path,bytes,sha256
1929212795840438656,W4,unc,/mnt/data/e17i_real_fits_full/GTCO_E17_WISE_cutouts/1929212795840438656_w4_unc.fits.gz,29361,0f3c372bf2d689c977e393bdb9d4bb4da28754bb86df09730bcb7b9003c2b42d
3508297413868521984,W4,int,/mnt/data/e17i_real_fits_full/GTCO_E17_WISE_cutouts/3508297413868521984_w4_int.fits,43125,497d8c12ea89d713a445d2ce7912d985c7c20a9f020943a5d71971081d5fff28
2388538245106801280,W3,int,/mnt/data/e17i_real_fits_full/GTCO_E17_WISE_cutouts/2388538245106801280_w3_int.fits,47293,a5349eaf770dae595cffad84032292ec89f1dec9d42b876d385166fb40f176f6
3741076154456059520,W3,int,/mnt/data/e17i_real_fits_full/GTCO_E17_WISE_cutouts/3741076154456059520_w3_int.fits,46702,cd41961f308aee692c338ab967a80397aaf5bef2c0eb2d830d30da9227507e4c
116155608110060928,W3,unc,/mnt/data/e17i_real_fits_full/GTCO_E17_WISE_cutouts/116155608110060928_w3_unc.fits.gz,33206,1c1306446c25263f97fcfe6e28bb6d7d3d190e99399267e7a459daada3f94601
2763655225542686336,W3,unc,/mnt/data/e17i_real_fits_full/GTCO_E17_WISE_cutouts/2763655225542686336_w3_unc.fits.gz,34305,0304005d1c80d12b89155f2689ef8b8eaf70177a1188387885b134c7d305cbb9
3741076154456059520,W4,unc,/mnt/data/e17i_real_fits_full/GTCO_E17_WISE_cutouts/3741076154456059520_w4_unc.fits.gz,28986,b25074bcc155d7af1f2988fc8be6c05313ded6f6d15d5b38e873a59be1da6326
3508297413868521984,W4,unc,/mnt/data/e17i_real_fits_full/GTCO_E17_WISE_cutouts/3508297413868521984_w4_unc.fits.gz,29485,69d19f59b0a0fb454a41f68812ea04033a02b7591303413a09b89137050e32fd
4184698443083605504,W4,unc,/mnt/data/e17i_real_fits_full/GTCO_E17_WISE_cutouts/4184698443083605504_w4_unc.fits.gz,32207,9ced81b74cbbe7a3d42c8fb45ec2bb2c6f52c0f3ffae10de53fc300279f53b98
3150882330125709312,W3,cov,/mnt/data/e17i_real_fits_full/GTCO_E17_WISE_cutouts/3150882330125709312_w3_cov.fits.gz,34065,e83ac5993fbc0c77cce918e1fef1c7acfd3b6191af64baeb09054fbbff3c680a
1205247232910283008,W4,unc,/mnt/data/e17i_real_fits_full/GTCO_E17_WISE_cutouts/1205247232910283008_w4_unc.fits.gz,29967,e261bc3a6821d834a4d37eb62a5b7ff95d48be805e7476437655e65c35249cbf
106316486574257792,W3,cov,/mnt/data/e17i_real_fits_full/GTCO_E17_WISE_cutouts/106316486574257792_w3_cov.fits.gz,32828,aa33f9c477beba8f76fd8ce1292673594f3095a61ecbd3b9d488725701dd52c2
116155608110060928,W4,cov,/mnt/data/e17i_real_fits_full/GTCO_E17_WISE_cutouts/116155608110060928_w4_cov.fits.gz,32732,64c03dd275c8663d6dcf5df08c20ad9b63d899cbf0dfb98787e85c1e45858006
1205247232910283008,W4,int,/mnt/data/e17i_real_fits_full/GTCO_E17_WISE_cutouts/1205247232910283008_w4_int.fits,44379,60a22326f6effb373025e7d70a4743be115ccc1523885e133e49190c0ad17983
1462929465189728384,W3,cov,/mnt/data/e17i_real_fits_full/GTCO_E17_WISE_cutouts/1462929465189728384_w3_cov.fits.gz,32530,e137a704fcf5d2a78c77196a783fe4d34bc79347ae2da670a7f7500bda03572b
5461082016725619072,W4,int,/mnt/data/e17i_real_fits_full/GTCO_E17_WISE_cutouts/5461082016725619072_w4_int.fits,45567,39ab0a49189d61c0b25c5e348fa34769d6140e542219a2dbae134767c67f28af
747290778695003520,W4,int,/mnt/data/e17i_real_fits_full/GTCO_E17_WISE_cutouts/747290778695003520_w4_int.fits,42440,968560878c04886343bc15f011197165d5c44c4ca2cea7f51d9bce592b4f022e
4306764888273736064,W3,int,/mnt/data/e17i_real_fits_full/GTCO_E17_WISE_cutouts/4306764888273736064_w3_int.fits,55036,a799032a264bd65ebbe31ef5e395b47c2afbdf798c86cb579e2a6a8a42ad1a67
1618450162257805184,W3,unc,/mnt/data/e17i_real_fits_full/GTCO_E17_WISE_cutouts/1618450162257805184_w3_unc.fits.gz,31902,b5caeab883fdf008fcaacd6e3f67879d718b6c2923154430cadc894d0f7402e6
6151377578674752896,W4,cov,/mnt/data/e17i_real_fits_full/GTCO_E17_WISE_cutouts/6151377578674752896_w4_cov.fits.gz,32299,c0e1b9d743a31b4d3d2ba82c0e5b0d7626ca4e80fc3731a7104a01f4cbeeb76b
116155608110060928,W4,unc,/mnt/data/e17i_real_fits_full/GTCO_E17_WISE_cutouts/116155608110060928_w4_unc.fits.gz,30814,0c765f3aa3637805ef28d5ed1797a8b92362dbcfc99ff52c048485201d8f1dc4
6151377578674752896,W4,unc,/mnt/data/e17i_real_fits_full/GTCO_E17_WISE_cutouts/6151377578674752896_w4_unc.fits.gz,30408,18f6ba9e5caf28a76e7d80c3cfafe68fc0189817d7c167d5b743384bf0e13b8d
2763655225542686336,W4,unc,/mnt/data/e17i_real_fits_full/GTCO_E17_WISE_cutouts/2763655225542686336_w4_unc.fits.gz,32175,1755ae2e5927dc50f1106588a86f6b40de8d33ac14da21af8a4d55000dd204cc
1929212795840438656,W4,int,/mnt/data/e17i_real_fits_full/GTCO_E17_WISE_cutouts/1929212795840438656_w4_int.fits,44023,54abad7fdf6d9a06a1dc15022f4dfb19c8203a6d85a69773425868faeb107e72
3065665501751684992,W4,unc,/mnt/data/e17i_real_fits_full/GTCO_E17_WISE_cutouts/3065665501751684992_w4_unc.fits.gz,30041,63ba0d61aaa0bab4f1e8730389b5c9d9fd376ee0f642a7b379c3418fdcfeffb9
5461082016725619072,W3,int,/mnt/data/e17i_real_fits_full/GTCO_E17_WISE_cutouts/5461082016725619072_w3_int.fits,48710,16b076af741f3c73e471beedb3d31ad61c18b717ff8422d7eb1ba8c6e8190da5
1178229655233840512,W3,unc,/mnt/data/e17i_real_fits_full/GTCO_E17_WISE_cutouts/1178229655233840512_w3_unc.fits.gz,32240,647e395399fc69410088eb11822aa162cb25a629c4ddf9c4dde34201b67b75b4
106316486574257792,W3,int,/mnt/data/e17i_real_fits_full/GTCO_E17_WISE_cutouts/106316486574257792_w3_int.fits,45854,5dcb4f366a84be5e7f1720e998bd271e23a03d4c819184827ad5da5738d60bc3
6270906415441316224,W3,cov,/mnt/data/e17i_real_fits_full/GTCO_E17_WISE_cutouts/6270906415441316224_w3_cov.fits.gz,33673,a089f22c935d2418a226b204c875cde42cfb1071cadff09b39172b5dbb03d18d
5461082016725619072,W4,unc,/mnt/data/e17i_real_fits_full/GTCO_E17_WISE_cutouts/5461082016725619072_w4_unc.fits.gz,31535,f8b20b410056a4d00d4acc4fd56fe67853fad07dd33b8d711f0136bb2a1ba21c
3741076154456059520,W3,unc,/mnt/data/e17i_real_fits_full/GTCO_E17_WISE_cutouts/3741076154456059520_w3_unc.fits.gz,30431,949e3eecd631d87c666db5aa3b551324b7fdb785c63cde26c3becbb20fc50779
4306764888273736064,W4,unc,/mnt/data/e17i_real_fits_full/GTCO_E17_WISE_cutouts/4306764888273736064_w4_unc.fits.gz,30452,c6a1cb6fa5b7c141d4bffec8a9932c7982bf3fa33e677203de9cb4e232a4e978
6146107993101452160,W4,int,/mnt/data/e17i_real_fits_full/GTCO_E17_WISE_cutouts/6146107993101452160_w4_int.fits,41454,5b9f8c69ce3d57602a937323dfb3706b5e30dfd16eac31abc201b5cb72b423a0
2763655225542686336,W3,int,/mnt/data/e17i_real_fits_full/GTCO_E17_WISE_cutouts/2763655225542686336_w3_int.fits,47090,1be31f9a96d7e93a83084872c63d89cb2caff2b0bdc62150c2f8bab6fde2b4c4
6270906415441316224,W3,unc,/mnt/data/e17i_real_fits_full/GTCO_E17_WISE_cutouts/6270906415441316224_w3_unc.fits.gz,31517,2dc9a9c7ec4853807a60b55179c97263b4bcfba2c97097c9bbb930ced3193f5a
6162624723631708416,W3,cov,/mnt/data/e17i_real_fits_full/GTCO_E17_WISE_cutouts/6162624723631708416_w3_cov.fits.gz,32314,aeba416e09637f204737d8cd88679b0f73f278f5bea289f91f9038e3c3557249
2717793736553222400,W3,unc,/mnt/data/e17i_real_fits_full/GTCO_E17_WISE_cutouts/2717793736553222400_w3_unc.fits.gz,33556,7c4886d2c1c3761063730c788d156d88a3e853d496519d8b30eb2a37897c3107
1462929465189728384,W4,cov,/mnt/data/e17i_real_fits_full/GTCO_E17_WISE_cutouts/1462929465189728384_w4_cov.fits.gz,32841,56a9b2deaa8d0a1a4c92e0cf6e48d9130c10929dcc416e4f0efe591a36446834
6146107993101452160,W3,int,/mnt/data/e17i_real_fits_full/GTCO_E17_WISE_cutouts/6146107993101452160_w3_int.fits,46706,e918f2eeb982a8405790c6646d6e3160577816f9bc1efe815fe53274ea0b7902
1929212795840438656,W3,cov,/mnt/data/e17i_real_fits_full/GTCO_E17_WISE_cutouts/1929212795840438656_w3_cov.fits.gz,32676,6ea077ef9f3a2139e4eea2c9cd976fde3d305e8d2dc1f8da6d64803f5da2fbaf
3508297413868521984,W4,cov,/mnt/data/e17i_real_fits_full/GTCO_E17_WISE_cutouts/3508297413868521984_w4_cov.fits.gz,30804,43be44c66283feb105896364d5b9e0ebdd0e2d0c9eb2638547dd16195cfe9414
1618450162257805184,W4,unc,/mnt/data/e17i_real_fits_full/GTCO_E17_WISE_cutouts/1618450162257805184_w4_unc.fits.gz,29871,5e7d012279e539f038e126ddd8c923fb9fa0d4e51c727b3cd10962a4ac0b3ac1
106316486574257792,W4,int,/mnt/data/e17i_real_fits_full/GTCO_E17_WISE_cutouts/106316486574257792_w4_int.fits,42785,584ae3aee8eb4101e0da9c7b0ca27ede132d13f382bdd28281fc9d3868446bd3
1462929465189728384,W4,unc,/mnt/data/e17i_real_fits_full/GTCO_E17_WISE_cutouts/1462929465189728384_w4_unc.fits.gz,29446,1b7d1b6e1ae57426edfe5c310b1c8cbbe0f68e12df7eb6db3a8e56702182597d
3065665501751684992,W4,int,/mnt/data/e17i_real_fits_full/GTCO_E17_WISE_cutouts/3065665501751684992_w4_int.fits,42240,247d74cbd26a8b074b4766b1c583386c844904a31f202f2a673cb69b87df43b8
1929212795840438656,W3,unc,/mnt/data/e17i_real_fits_full/GTCO_E17_WISE_cutouts/1929212795840438656_w3_unc.fits.gz,32865,e54eb4c94af023c02d1a06128135bea9ec6a9a39acdf054bdb6a0f8f5586a09d
6146107993101452160,W3,cov,/mnt/data/e17i_real_fits_full/GTCO_E17_WISE_cutouts/6146107993101452160_w3_cov.fits.gz,31732,66e62534c499c50a2df9e0a540e2ba1347fde28f6d5b819bd50066df71e06043
6146107993101452160,W4,cov,/mnt/data/e17i_real_fits_full/GTCO_E17_WISE_cutouts/6146107993101452160_w4_cov.fits.gz,32318,ccd20934af2aba5757a716986261ca93f170c81f41a745340b8c0def0d02baa3
3741076154456059520,W4,cov,/mnt/data/e17i_real_fits_full/GTCO_E17_WISE_cutouts/3741076154456059520_w4_cov.fits.gz,32919,18f36d05096972d909fdd025697960c16f763fdb284b01e468147dd188ac4d49
2763655225542686336,W3,cov,/mnt/data/e17i_real_fits_full/GTCO_E17_WISE_cutouts/2763655225542686336_w3_cov.fits.gz,32756,effd6f19dec8e382d186813b7bafc4a14dda7fa2d6c1297affe0eba24099358f
1178229655233840512,W3,cov,/mnt/data/e17i_real_fits_full/GTCO_E17_WISE_cutouts/1178229655233840512_w3_cov.fits.gz,33764,e894b21b5630c69fc17a4021af1f7c17d7ceb2e9fc7089cad156494f2e4b1b6c
4184698443083605504,W3,int,/mnt/data/e17i_real_fits_full/GTCO_E17_WISE_cutouts/4184698443083605504_w3_int.fits,47246,9df5f3014f7c4a3c06429ac1e8d4d63ba1c691ec5aadd1d1d2def5ef4e895774
6162624723631708416,W4,cov,/mnt/data/e17i_real_fits_full/GTCO_E17_WISE_cutouts/6162624723631708416_w4_cov.fits.gz,32076,38c7b54690b1ecbca095894fd52b74cba5cf3bf94ccd21c1f29f819f80b919ae
1205247232910283008,W3,int,/mnt/data/e17i_real_fits_full/GTCO_E17_WISE_cutouts/1205247232910283008_w3_int.fits,48782,b7562db774428986076a6d64648c6635f0b35453fac3ca306789bf8b2352a67e
3150882330125709312,W4,cov,/mnt/data/e17i_real_fits_full/GTCO_E17_WISE_cutouts/3150882330125709312_w4_cov.fits.gz,32453,85304efb80160d6af5c25a5385cf046eaee37228a85f0d8add74fb097b6f8f2b
4306764888273736064,W4,cov,/mnt/data/e17i_real_fits_full/GTCO_E17_WISE_cutouts/4306764888273736064_w4_cov.fits.gz,32526,06da477da1817f1a9bff71e3756c1313ad9af603c508198ec1d044adba8c8d86
3065665501751684992,W3,int,/mnt/data/e17i_real_fits_full/GTCO_E17_WISE_cutouts/3065665501751684992_w3_int.fits,47516,f8711ad96f7244b1df8f3813e651c424442cf62dcbc988aff7e667c92db1a7d3
3150882330125709312,W3,int,/mnt/data/e17i_real_fits_full/GTCO_E17_WISE_cutouts/3150882330125709312_w3_int.fits,47019,5eff0b4172d70cc77212bbf0369c3b92c58d0cf085b7dacf68cb3655162ecfb6
4306764888273736064,W3,cov,/mnt/data/e17i_real_fits_full/GTCO_E17_WISE_cutouts/4306764888273736064_w3_cov.fits.gz,32538,7067810431d6e267960f475b1bfa42af8178c3a2a05bdaa7fe3ca752272f3602
747290778695003520,W3,cov,/mnt/data/e17i_real_fits_full/GTCO_E17_WISE_cutouts/747290778695003520_w3_cov.fits.gz,34058,aec959c4420c402185605384fbafaa62941d6f103592ed826005472d510cd6ae
4184698443083605504,W3,cov,/mnt/data/e17i_real_fits_full/GTCO_E17_WISE_cutouts/4184698443083605504_w3_cov.fits.gz,34556,42b2c36c50ed145443a22f9206e9eebd618f7fe487358a88c2ee494ccbc9c076
1178229655233840512,W4,int,/mnt/data/e17i_real_fits_full/GTCO_E17_WISE_cutouts/1178229655233840512_w4_int.fits,41955,4a5fcc4b8a955c7a1477e542b40e2af351450087bdf69ff595fece86eef5c5b7
1618450162257805184,W4,int,/mnt/data/e17i_real_fits_full/GTCO_E17_WISE_cutouts/1618450162257805184_w4_int.fits,43727,0221bad3b2dfa1a2cfe40db6778267e0d390056c66ef4ae453caa0f996d6c376
1178229655233840512,W3,int,/mnt/data/e17i_real_fits_full/GTCO_E17_WISE_cutouts/1178229655233840512_w3_int.fits,46170,551f0127b4d3ab5b121a7db50688fd990b9564e72c355a3761db8cdf89650cd8
6270906415441316224,W4,unc,/mnt/data/e17i_real_fits_full/GTCO_E17_WISE_cutouts/6270906415441316224_w4_unc.fits.gz,28718,fc47e35629c1398b950b4b24ed7b2f166aad560e735bea99b4f7acaa243c6c45
1618450162257805184,W3,cov,/mnt/data/e17i_real_fits_full/GTCO_E17_WISE_cutouts/1618450162257805184_w3_cov.fits.gz,32924,5f236399ec10ce652b2fef47f738077bdcbf379805b294e9f44da4a50463d974
6151377578674752896,W3,int,/mnt/data/e17i_real_fits_full/GTCO_E17_WISE_cutouts/6151377578674752896_w3_int.fits,48305,c2abe74c64f512a5b3ca05e51dc0f279479124b2a5c4002a112e1e0f87151e00
5768603427465996416,W4,unc,/mnt/data/e17i_real_fits_full/GTCO_E17_WISE_cutouts/5768603427465996416_w4_unc.fits.gz,30846,8ec6a206a17591334d44ad2a43056436026b2e2746da6650e7f9c0879e556680
2388538245106801280,W3,unc,/mnt/data/e17i_real_fits_full/GTCO_E17_WISE_cutouts/2388538245106801280_w3_unc.fits.gz,34641,1386595c0214b8c4e447dba7a88452cda53e297147023e881aa0a741d7aeeced
3741076154456059520,W4,int,/mnt/data/e17i_real_fits_full/GTCO_E17_WISE_cutouts/3741076154456059520_w4_int.fits,42342,234635f14e540e667b825d6e2f87404930779a8a071c6aedbe8718a5edac87f5
116155608110060928,W3,int,/mnt/data/e17i_real_fits_full/GTCO_E17_WISE_cutouts/116155608110060928_w3_int.fits,47684,a7bd28e643ca1072b030158d7dea3df4961274c023e930ff4df4b4fc5fd1d935
3508297413868521984,W3,unc,/mnt/data/e17i_real_fits_full/GTCO_E17_WISE_cutouts/3508297413868521984_w3_unc.fits.gz,31434,faecd041f8ea45b60a759768106ef91326312b10c9f8caf5c97933265c37450b
3508297413868521984,W3,int,/mnt/data/e17i_real_fits_full/GTCO_E17_WISE_cutouts/3508297413868521984_w3_int.fits,47309,e50820f5c24699e102de655cf33ce4be09b39139a91f3017e6a432ee241bc5f4
2717793736553222400,W3,cov,/mnt/data/e17i_real_fits_full/GTCO_E17_WISE_cutouts/2717793736553222400_w3_cov.fits.gz,34270,299ccec0d8d253419a6c6ad17ca1d3debe5ae7d7c91bd38681dda17990da65db
2388538245106801280,W4,cov,/mnt/data/e17i_real_fits_full/GTCO_E17_WISE_cutouts/2388538245106801280_w4_cov.fits.gz,34852,00663e1b9245273aabfc83732bfaeb34c9e65fd00b1ba4ab6513fb7ff19d69cd
770335369886577792,W4,unc,/mnt/data/e17i_real_fits_full/GTCO_E17_WISE_cutouts/770335369886577792_w4_unc.fits.gz,30616,fdf8b7b88d58c96cc30ea07de19052d2a2cb3ab0aba5eccb5373c983ee346f96
6162624723631708416,W4,unc,/mnt/data/e17i_real_fits_full/GTCO_E17_WISE_cutouts/6162624723631708416_w4_unc.fits.gz,28682,48ba641aa025cb8b3ea6bb4d2dc44ca819d72f56a2a561e1689a93faf948de6c
770335369886577792,W4,int,/mnt/data/e17i_real_fits_full/GTCO_E17_WISE_cutouts/770335369886577792_w4_int.fits,41590,f8746f08f393c042bdd784665cd6d2e760951efc2d7ef79b15734431b571aaa6
3150882330125709312,W3,unc,/mnt/data/e17i_real_fits_full/GTCO_E17_WISE_cutouts/3150882330125709312_w3_unc.fits.gz,32772,fa7acb1f5c7489af403fde74009b5faf8f50ed1afa1be51d72dec9f44baaa5bd
106316486574257792,W4,unc,/mnt/data/e17i_real_fits_full/GTCO_E17_WISE_cutouts/106316486574257792_w4_unc.fits.gz,29354,14dfa9e5144f3cce612d6a693a294b950edee0cbc8060f3d1b7f76f8c6f99eb9
4184698443083605504,W3,unc,/mnt/data/e17i_real_fits_full/GTCO_E17_WISE_cutouts/4184698443083605504_w3_unc.fits.gz,33663,3a33c0b9628e5085c3d335bfe959517461e10794e00342b7399792f750bc95ed
6162624723631708416,W3,unc,/mnt/data/e17i_real_fits_full/GTCO_E17_WISE_cutouts/6162624723631708416_w3_unc.fits.gz,30798,23361de3a104e3868d3a70ac71a7bf56aa60ac179e92977ef6ee292e11937011
5768603427465996416,W3,int,/mnt/data/e17i_real_fits_full/GTCO_E17_WISE_cutouts/5768603427465996416_w3_int.fits,47585,8dd8b794f481d7e2bed10820ab35bf80cbe033ebc338d97b0acdd23933d224f8
747290778695003520,W3,int,/mnt/data/e17i_real_fits_full/GTCO_E17_WISE_cutouts/747290778695003520_w3_int.fits,46806,9e06a3057206efc836eb9009792729ff3acbc350e883d11039adc441060838d8
1178229655233840512,W4,unc,/mnt/data/e17i_real_fits_full/GTCO_E17_WISE_cutouts/1178229655233840512_w4_unc.fits.gz,29912,5f12eff529f189b3783783a3e6f1bdc63d2940e2bfd73ae05f8829494a00b06a
6151377578674752896,W3,unc,/mnt/data/e17i_real_fits_full/GTCO_E17_WISE_cutouts/6151377578674752896_w3_unc.fits.gz,30502,7a3b9e2fa9be70fbb35a2c34dd495b83396798d94e420ac311f3441da47798cd
747290778695003520,W3,unc,/mnt/data/e17i_real_fits_full/GTCO_E17_WISE_cutouts/747290778695003520_w3_unc.fits.gz,34388,e2b0c95957cb670de40a6e29965edea74050e14556ce6f890fb1ac89b9ac7763
6270906415441316224,W4,int,/mnt/data/e17i_real_fits_full/GTCO_E17_WISE_cutouts/6270906415441316224_w4_int.fits,43686,617963e5113decaa5dc305451b876560199d1bc3a2e095fb4bccff323aa12c7a
3508297413868521984,W3,cov,/mnt/data/e17i_real_fits_full/GTCO_E17_WISE_cutouts/3508297413868521984_w3_cov.fits.gz,31332,4cfd22877f0359d8d4347e6150f02483013941b4ca3dfde15c79ae31c53eb535
3150882330125709312,W4,unc,/mnt/data/e17i_real_fits_full/GTCO_E17_WISE_cutouts/3150882330125709312_w4_unc.fits.gz,29944,d5d8be5963babb2b6d203cb94cfeccc56135537b7ffe8c83f01e6505240fdfa6
116155608110060928,W4,int,/mnt/data/e17i_real_fits_full/GTCO_E17_WISE_cutouts/116155608110060928_w4_int.fits,43585,49f7caba7695b03ab797773015b1ee5396c05bd9b022eed2856ac25a50af360c
6146107993101452160,W3,unc,/mnt/data/e17i_real_fits_full/GTCO_E17_WISE_cutouts/6146107993101452160_w3_unc.fits.gz,29835,36ea0acbff55bac456092330f85162df9c97457a032a48ba1ec222f89795f43a
2717793736553222400,W3,int,/mnt/data/e17i_real_fits_full/GTCO_E17_WISE_cutouts/2717793736553222400_w3_int.fits,47044,b84ce3e251b436ffc6b2efafe6ef50eb68a8d6b2538eb843faf46b09909be76d
6162624723631708416,W4,int,/mnt/data/e17i_real_fits_full/GTCO_E17_WISE_cutouts/6162624723631708416_w4_int.fits,41969,3b2b250ab5f3897aaff782bd9ad7e7e48ed2a569eaaad537baea03bbc0749939
770335369886577792,W3,cov,/mnt/data/e17i_real_fits_full/GTCO_E17_WISE_cutouts/770335369886577792_w3_cov.fits.gz,31404,b58617b7f0159d7c2537b8eb00ef9fb262797efe88a10f3861af8b6895654083
116155608110060928,W3,cov,/mnt/data/e17i_real_fits_full/GTCO_E17_WISE_cutouts/116155608110060928_w3_cov.fits.gz,33685,4e815f4569a602ced459918673419782c38b3cfe28956b5ee9a5feb29e9775a2
5461082016725619072,W3,cov,/mnt/data/e17i_real_fits_full/GTCO_E17_WISE_cutouts/5461082016725619072_w3_cov.fits.gz,32249,34c3006288f46c40f5e8c0ffd45332cae60b06f18630918f096160a100776ca1
2717793736553222400,W4,int,/mnt/data/e17i_real_fits_full/GTCO_E17_WISE_cutouts/2717793736553222400_w4_int.fits,43262,9c0021e6044e0509e3ad17b9bb364f2ae136efa084119c9a3a17c2508f7625ea
2717793736553222400,W4,cov,/mnt/data/e17i_real_fits_full/GTCO_E17_WISE_cutouts/2717793736553222400_w4_cov.fits.gz,33652,0ef3c4a80cbb07c62ce4998abbcbb89256851c424900681e453dcdf5d4d173b8
4306764888273736064,W3,unc,/mnt/data/e17i_real_fits_full/GTCO_E17_WISE_cutouts/4306764888273736064_w3_unc.fits.gz,33121,53ba3ed9b1ec7be33f6b0a484773db7745f4ce5f2d128c62ddad4a85be305885
1462929465189728384,W3,unc,/mnt/data/e17i_real_fits_full/GTCO_E17_WISE_cutouts/1462929465189728384_w3_unc.fits.gz,31123,8d88cf7b4acb95e8e0f8390d04a4aba5edcf5944a0fad2ad612af012eadb0d57
1205247232910283008,W4,cov,/mnt/data/e17i_real_fits_full/GTCO_E17_WISE_cutouts/1205247232910283008_w4_cov.fits.gz,33271,8788fb3a83c0e6b24e1bf7f8d3dac3599e7d58711ef97c957860d3ca397d5c0f
106316486574257792,W3,unc,/mnt/data/e17i_real_fits_full/GTCO_E17_WISE_cutouts/106316486574257792_w3_unc.fits.gz,32766,dfaba67b495bd086994a3e6c7ca31a133dcc89a26730f33b639a0463a3d9f9c3
4184698443083605504,W4,cov,/mnt/data/e17i_real_fits_full/GTCO_E17_WISE_cutouts/4184698443083605504_w4_cov.fits.gz,34252,8fc78fab1328217c4bcb883726e2a3c014aafad8f0978e4bc5941ab4ef5b7048
1618450162257805184,W4,cov,/mnt/data/e17i_real_fits_full/GTCO_E17_WISE_cutouts/1618450162257805184_w4_cov.fits.gz,31378,42f00b742b1c94ac9cb5bf44bdb7657e77a1d9992d45452455e2ee85eddbd1fd
4306764888273736064,W4,int,/mnt/data/e17i_real_fits_full/GTCO_E17_WISE_cutouts/4306764888273736064_w4_int.fits,49184,3616587d4a4442343126956ba826d971da0df8fefac5109c8b3515ac6ecee317
747290778695003520,W4,unc,/mnt/data/e17i_real_fits_full/GTCO_E17_WISE_cutouts/747290778695003520_w4_unc.fits.gz,31885,cfc14cdbada8907f5c068a3e13b91f209dba2883f3f96e256287b9703ed6944b
1205247232910283008,W3,cov,/mnt/data/e17i_real_fits_full/GTCO_E17_WISE_cutouts/1205247232910283008_w3_cov.fits.gz,34856,b3ab05c97aa175fdae4855f345df8e099207a5964bdb8a6f020ebd5daf37a5ba
5461082016725619072,W4,cov,/mnt/data/e17i_real_fits_full/GTCO_E17_WISE_cutouts/5461082016725619072_w4_cov.fits.gz,33144,d70a4b30d21638e28d81e413b399efeeff8d43dbc2fef3727c51e32503875ce3
2388538245106801280,W4,int,/mnt/data/e17i_real_fits_full/GTCO_E17_WISE_cutouts/2388538245106801280_w4_int.fits,43832,5973b14c1ce3c2eaa473040e04fff8a4a63dc1bd36b05794218091b48f28be9e
4184698443083605504,W4,int,/mnt/data/e17i_real_fits_full/GTCO_E17_WISE_cutouts/4184698443083605504_w4_int.fits,42675,1d2ae2778a70aed865da379f060b949aa6b0dc1038330a93de1cccc9fdafc63e
5768603427465996416,W3,unc,/mnt/data/e17i_real_fits_full/GTCO_E17_WISE_cutouts/5768603427465996416_w3_unc.fits.gz,30860,e08d7f59f5e317fa42c8ca3507d27cce7573072f6aaf9a8c109c67b3477668a8
5768603427465996416,W4,int,/mnt/data/e17i_real_fits_full/GTCO_E17_WISE_cutouts/5768603427465996416_w4_int.fits,44070,30a176082442d927ca5f478785a4fcbe6e2358acdf43d5f83d3a216888cbf0f7
770335369886577792,W3,unc,/mnt/data/e17i_real_fits_full/GTCO_E17_WISE_cutouts/770335369886577792_w3_unc.fits.gz,30102,4c68d60be74b2e8fb253b6fcdd89a05a182334997a6430acd2e7d5d6c081cae1
5768603427465996416,W3,cov,/mnt/data/e17i_real_fits_full/GTCO_E17_WISE_cutouts/5768603427465996416_w3_cov.fits.gz,31990,ef40f0a61b79f279ccd9dd68f2142bb3cfd9088cacd30f1f23b8e73cd52adc1e
5768603427465996416,W4,cov,/mnt/data/e17i_real_fits_full/GTCO_E17_WISE_cutouts/5768603427465996416_w4_cov.fits.gz,31886,8b274af551881818374a7a7bcfb4d19b6ece31a5c5b700e6898ec76449d8eb4d
2763655225542686336,W4,int,/mnt/data/e17i_real_fits_full/GTCO_E17_WISE_cutouts/2763655225542686336_w4_int.fits,43609,1a3b194212a3b987000ee8d901187ceb07a9e0f582464b171ce4aaaea451b06d
1618450162257805184,W3,int,/mnt/data/e17i_real_fits_full/GTCO_E17_WISE_cutouts/1618450162257805184_w3_int.fits,47061,5b7b1c2f2d52684b49aa5355ccf8c4c33578733bf2d152249d8e3f35b639cc72
2717793736553222400,W4,unc,/mnt/data/e17i_real_fits_full/GTCO_E17_WISE_cutouts/2717793736553222400_w4_unc.fits.gz,31205,5005bb843185e8511f424614f9e81faabae2473d1cf90f07627d137890a8c270
6151377578674752896,W3,cov,/mnt/data/e17i_real_fits_full/GTCO_E17_WISE_cutouts/6151377578674752896_w3_cov.fits.gz,32124,363d71183cefe625029d6cfea8ed81113e298d4f89c1f090c2203b120e54cbcf
3065665501751684992,W4,cov,/mnt/data/e17i_real_fits_full/GTCO_E17_WISE_cutouts/3065665501751684992_w4_cov.fits.gz,33360,fc5598986a400d32828634a28621d28f36bd5aea56d84851929e5179fa261ff6
2388538245106801280,W3,cov,/mnt/data/e17i_real_fits_full/GTCO_E17_WISE_cutouts/2388538245106801280_w3_cov.fits.gz,34043,e50c65142f254973887b66cdb22a02fa5934c5a992d68358474ace3a98d9af2f
3065665501751684992,W3,cov,/mnt/data/e17i_real_fits_full/GTCO_E17_WISE_cutouts/3065665501751684992_w3_cov.fits.gz,34591,22d279c162f39c206c2ca1bc19450fc7f2682544b1b394532965e9d785405ef5
2763655225542686336,W4,cov,/mnt/data/e17i_real_fits_full/GTCO_E17_WISE_cutouts/2763655225542686336_w4_cov.fits.gz,33163,837f8e5446c5d016feb3c6e9b40f54c27de016f04f039794fd3e988e55349864
6162624723631708416,W3,int,/mnt/data/e17i_real_fits_full/GTCO_E17_WISE_cutouts/6162624723631708416_w3_int.fits,47803,49947c7aa14739c3b95f20a07e9b886e897ede7cdf2f209c8c97a33cde02c604
3065665501751684992,W3,unc,/mnt/data/e17i_real_fits_full/GTCO_E17_WISE_cutouts/3065665501751684992_w3_unc.fits.gz,32041,b4770bc206588dc072c351dbbbd8f3d32c787acdaa39c6c6d60f261f9c47205a
3741076154456059520,W3,cov,/mnt/data/e17i_real_fits_full/GTCO_E17_WISE_cutouts/3741076154456059520_w3_cov.fits.gz,33326,2f3a61430290dc141a9a8e05b7301256b87d1625560514fb685fcdfac185f594
6151377578674752896,W4,int,/mnt/data/e17i_real_fits_full/GTCO_E17_WISE_cutouts/6151377578674752896_w4_int.fits,41855,20598376045ac26dd32bb62ed869c5d52faba49b5ed356bc121145a12978c839
1929212795840438656,W4,cov,/mnt/data/e17i_real_fits_full/GTCO_E17_WISE_cutouts/1929212795840438656_w4_cov.fits.gz,30942,0d1cc4ab06ca421ee7fc510a6774a36b6edd3fcef73c23dfae73fc8db0999847
1462929465189728384,W3,int,/mnt/data/e17i_real_fits_full/GTCO_E17_WISE_cutouts/1462929465189728384_w3_int.fits,48583,ce70c16d8ccaeb92a201442ba0f67a7b440d4af25c5a63688ce2a81c62b2aa58
770335369886577792,W3,int,/mnt/data/e17i_real_fits_full/GTCO_E17_WISE_cutouts/770335369886577792_w3_int.fits,48244,4ae5fcc22590f8a954f147923c1196a056db86f0732943bdb28f9a4ffcb6b92c
1929212795840438656,W3,int,/mnt/data/e17i_real_fits_full/GTCO_E17_WISE_cutouts/1929212795840438656_w3_int.fits,47977,79b67d2d7ffbd455f87367554d091b1f0e7ccd437e6118facde5be6a469157f8
2388538245106801280,W4,unc,/mnt/data/e17i_real_fits_full/GTCO_E17_WISE_cutouts/2388538245106801280_w4_unc.fits.gz,32664,90ed08e0d9e5f6a183e53dfee6fde7c7861fc1b0f3073d723802babe3307c531
747290778695003520,W4,cov,/mnt/data/e17i_real_fits_full/GTCO_E17_WISE_cutouts/747290778695003520_w4_cov.fits.gz,34058,c32c7204f3561341c54e121d5b580a20fd5bd0f5784f809ca940618206b75516
770335369886577792,W4,cov,/mnt/data/e17i_real_fits_full/GTCO_E17_WISE_cutouts/770335369886577792_w4_cov.fits.gz,32196,ee7a94cf442acc18ee57d7d6e9bd01b35d2ff261590d449a85934d96122cf62b
106316486574257792,W4,cov,/mnt/data/e17i_real_fits_full/GTCO_E17_WISE_cutouts/106316486574257792_w4_cov.fits.gz,30766,26024a5249015343cf42283f90c4022966a159da34afa76479a4729239e17759
6270906415441316224,W3,int,/mnt/data/e17i_real_fits_full/GTCO_E17_WISE_cutouts/6270906415441316224_w3_int.fits,49481,6c939960e8dbee2f3c7965c02dccc14acc8fab43b714a2e80083437a3b2d7a75
1205247232910283008,W3,unc,/mnt/data/e17i_real_fits_full/GTCO_E17_WISE_cutouts/1205247232910283008_w3_unc.fits.gz,33030,24f7e7b7cb9d2b8aeb26c3ad3d9a1c6cb9698f30a7d24470ffe13016792abe41
5461082016725619072,W3,unc,/mnt/data/e17i_real_fits_full/GTCO_E17_WISE_cutouts/5461082016725619072_w3_unc.fits.gz,33939,2578fb67b0ade22fb54496882fa557e424a23db679eead7b3909ef1ebb60c502
1178229655233840512,W4,cov,/mnt/data/e17i_real_fits_full/GTCO_E17_WISE_cutouts/1178229655233840512_w4_cov.fits.gz,33417,fb2df2db86c39b2400a50cbe72e51105e22f7edbc3eb4a7e4e81cc9d9de3da9c
6270906415441316224,W4,cov,/mnt/data/e17i_real_fits_full/GTCO_E17_WISE_cutouts/6270906415441316224_w4_cov.fits.gz,32429,ab26e218f7aeded403871c3616e0182998397708e712ef6de22d378a19d75a6a
3150882330125709312,W4,int,/mnt/data/e17i_real_fits_full/GTCO_E17_WISE_cutouts/3150882330125709312_w4_int.fits,42590,d725e9684debf738fad7e862032aa61c3a9549700ea78adee56da72953bf7b69
6146107993101452160,W4,unc,/mnt/data/e17i_real_fits_full/GTCO_E17_WISE_cutouts/6146107993101452160_w4_unc.fits.gz,30174,b8c9afc7958691932b829f8fd97a81d2545acf0a3e0de72e3fd9375b2be0ec18
1462929465189728384,W4,int,/mnt/data/e17i_real_fits_full/GTCO_E17_WISE_cutouts/1462929465189728384_w4_int.fits,42014,88ebba195096eac9359e3cbb60f32740c59a86b967486f8badbea824903df062
