source_id,phot_g_mean_mag,phot_bp_mean_mag,phot_rp_mean_mag,phot_g_mean_flux_over_error,phot_bp_mean_flux_over_error,phot_rp_mean_flux_over_error,bp_rp,ruwe,w1mpro,w1mpro_error,w2mpro,w2mpro_error,w3mpro,w3mpro_error,w4mpro,w4mpro_error,wise_cc_flags,wise_ext_flag,j_m,j_msigcom,h_m,h_msigcom,ks_m,ks_msigcom,distance_invparallax_pc,M_G_invparallax,heph_cmd_main_sequence,T_colorfit_K,baseline_rms_mag,Fbol_fit_Wm2,mir_resid_proxy,saturation_flag,template_id,_origin,w2mpro_raw
2210840501590321792,5.031558,5.0358152,5.0140295,1255.9609,699.99164,582.8097,0.021785736,0.8175041,4.951,0.249,4.983013536384272,0.098,5.017,0.015,4.889,0.03,0,0.0,4.923,0.037,5.003,0.044,4.967,0.017,95.57552870993077,0.1298244542417492,True,12000.0,0.084974014256502,4.859397332857656e-10,0.0641955046620488,True,0.0,template,4.775
2437910577801159424,4.9926295,4.978807,4.977981,930.5161,646.15936,81.566284,0.00082588196,0.866635,4.923,0.193,4.984811685305867,0.094,5.022,0.015,4.945,0.03,0,0.0,5.096,0.218,5.06,0.082,4.964,0.024,70.85549250520249,0.7407618945317402,True,8050.397746417033,0.0432537868143453,1.707737660738058e-10,0.1419514008440892,True,12.0,template,4.777
205334041305995648,6.0527635,6.02465,6.073102,2454.467,1381.6132,1238.2057,-0.0484519,0.949955,6.15,0.108,6.127400632432368,0.032,6.19,0.015,6.128,0.055,0000,0.0,6.048,0.034,6.103,0.038,6.107,0.021,98.809012217923,1.0787807113728274,True,12000.0,0.0243348120016696,1.7172019259335222e-10,,,,validation,6.063
5372082838294397952,5.2022867,5.3268156,4.982537,1995.0325,1768.2454,952.604,0.3442788,1.1845131,4.62,0.289,4.678039507956814,0.068,4.679,0.015,4.619,0.023,0000,0.0,4.806,0.037,4.813,0.016,4.64,0.018,58.1977130079893,1.3777571072939914,True,7498.73438116446,0.0726030736269875,1.8358151578401492e-10,,,,validation,4.436
4493790166883346432,6.4635496,6.469739,6.4221506,3113.3962,1451.5331,1900.4246,0.04758835,0.953087,6.415,0.082,6.359746638052827,0.023,6.417,0.016,6.421,0.057,0,0.0,6.33,0.02,6.369,0.034,6.363,0.018,93.59276726804764,1.607338158496674,True,12000.0,0.0216785547101429,1.3510263211157348e-10,0.0780079932960182,True,29.0,template,6.327
6749868489550154112,6.536455,6.610766,6.3718004,2787.799,866.686,1188.2742,0.23896551,1.0560426,6.052,0.115,6.021868258589657,0.036,6.11,0.016,6.107,0.052,00p0,0.0,6.205,0.02,6.129,0.031,6.076,0.021,88.11822156318877,1.811126382679408,True,8103.5088788656,0.0165569839724461,6.246952457938372e-11,,,,validation,5.943
3542459686821115136,6.832999,6.8868437,6.700827,2543.6145,971.3965,1276.3137,0.18601656,0.8397523,6.452,0.079,6.421541858163201,0.024,6.514,0.016,6.386,0.065,0,0.0,6.556,0.019,6.505,0.034,6.482,0.026,93.93218804943088,1.968926805610508,True,9238.920778301155,0.0090733841023497,6.033472316846569e-11,0.0600903578391198,True,36.0,template,6.397
2128851225177806080,6.7304435,6.8495655,6.494307,4361.423,1634.0396,1963.924,0.35525846,0.9377035,6.104,0.098,6.091349703006416,0.035,6.123,0.015,6.05,0.036,0,0.0,6.189,0.019,6.125,0.016,6.091,0.016,83.99954618359303,2.109058801267601,True,8702.249454668641,0.0179886462791297,7.371688000363245e-11,0.0845559246668194,True,39.0,template,6.022
744772141153246720,6.7849417,6.8788805,6.5887456,3848.5688,2108.717,2534.6648,0.2901349,0.9407845,6.283,0.086,6.2083006514956995,0.026,6.291,0.015,6.057,0.049,0000,0.0,6.345,0.03,6.3,0.023,6.247,0.021,81.58739244335882,2.2268264341295385,True,8702.24945466862,0.0276381699642392,6.368424733976582e-11,,,,validation,6.155
6345402485751622912,7.044976,7.282885,6.642492,5415.246,1479.1514,2196.3096,0.64039326,17.438795,5.952,0.113,5.937371071924899,0.045,5.926,0.015,5.855,0.041,0000,0.0,6.205,0.019,6.03,0.031,5.925,0.023,87.20625950115777,2.3422377055409065,True,6137.713746533194,0.0715944198747087,3.587690365133053e-11,,,,validation,5.847
6445028718949194240,7.2624493,7.426811,6.9586825,3346.8027,1230.4034,1221.8744,0.46812868,13.704734,6.429,0.08,6.411822425226703,0.024,6.448,0.015,6.444,0.061,0000,0.0,6.658,0.023,6.522,0.038,6.464,0.033,92.44596030201176,2.43300960932104,True,7104.037980766942,0.0280919429302288,3.083869541635042e-11,,,,validation,6.386
3728478706139382016,7.1405296,7.2566175,6.915092,4685.632,2652.3333,1914.1583,0.34152555,1.0196005,6.594,0.07,6.55540376570666,0.022,6.624,0.016,6.513,0.072,0,0.0,6.68,0.018,6.649,0.042,6.604,0.017,83.96455516566051,2.520049642584468,True,9191.384776353823,0.0056915799130038,5.2740654027129566e-11,0.0404657881187491,True,47.0,template,6.548
6697336607113232768,7.450173,7.5828056,7.194432,3781.935,1843.4445,1577.4845,0.38837385,1.1449353,6.787,0.071,6.75900194748986,0.022,6.829,0.016,6.843,0.083,0000,0.0,6.954,0.018,6.863,0.024,6.791,0.017,92.8152950713516,2.612075251570415,True,7543.987657782311,0.0410408604614632,2.637314557230428e-11,,,,validation,6.775
1786774019397408768,5.699369,5.8527293,5.417825,886.6954,335.27393,252.23042,0.4349041,1.0689087,4.92,0.234,4.969526370050372,0.101,5.008,0.015,4.873,0.029,0000,0.0,5.14,0.037,4.99,0.023,4.96,0.027,39.890979678965394,2.694995488801249,True,7295.37524347541,0.0330873937906321,1.3632374996361704e-10,,,,validation,4.76
2292510850908047360,7.502122,7.6517253,7.2244515,1304.0977,398.13016,659.54895,0.42727375,1.0544454,6.734,0.072,6.712930857521232,0.021,6.789,0.016,6.721,0.051,hh00,0.0,6.953,0.043,6.781,0.031,6.773,0.02,88.65791068978447,2.76353453744764,True,7295.375243475406,0.0473998705991248,2.475941907831973e-11,,,,validation,6.724
3569041067617353856,7.478309,7.6886544,7.1099167,6400.002,2240.4893,4303.643,0.57873774,0.98865044,6.424,0.08,6.430380863810852,0.025,6.494,0.017,6.448,0.063,0000,0.0,6.746,0.02,6.572,0.027,6.478,0.023,84.80558992419385,2.836186602323721,True,6254.496040794914,0.0462763637034627,2.227180467261783e-11,,,,validation,6.407
3356277115149953280,7.729843,7.973934,7.3249483,2887.816,1756.4783,1954.5981,0.64898586,1.1884605,6.609,0.068,6.581228871053888,0.022,6.646,0.018,6.577,0.1,0000,0.0,6.862,0.029,6.715,0.02,6.624,0.021,92.48486746047736,2.8994896074422414,True,6569.851115402051,0.0494487098903881,2.1743271647603487e-11,,,,validation,6.577
1845977154281033984,7.6626225,7.887546,7.276844,5654.0625,2880.2773,2587.6614,0.61070204,1.0259501,6.618,0.069,6.567865533054578,0.023,6.625,0.016,6.542,0.056,hh00,0.0,6.853,0.026,6.636,0.016,6.604,0.021,87.43177823085654,2.954275943126378,True,6450.107948860846,0.0796708501359575,2.177649234682237e-11,,,,validation,6.562
3258422126463146496,7.842375,8.051506,7.4792852,3677.275,2294.3267,2952.1282,0.5722208,9.3636,6.857,0.067,6.818068481004934,0.02,6.875,0.016,6.879,0.089,0000,0.0,7.134,0.026,6.931,0.057,6.859,0.027,92.88817848897578,3.0025727671515305,True,6185.767097088524,0.0806922391158695,1.4576557754357505e-11,,,,validation,6.84
174053622686394112,7.7499614,7.9560113,7.385258,5947.128,3623.3306,3896.7993,0.5707531,1.0915385,6.735,0.074,6.717437897071897,0.023,6.786,0.017,6.76,0.084,0000,0.0,6.959,0.02,6.804,0.029,6.762,0.016,86.76309198372074,3.058286296962546,True,7064.49698830196,0.049019896944859,2.312948128990457e-11,,,,validation,6.729
4751661549521431936,7.524661,7.7346373,7.1611066,4750.3154,1506.0236,2310.6326,0.5735307,0.94051826,6.555,0.078,6.502990152752478,0.023,6.579,0.015,6.454,0.056,0000,0.0,6.841,0.024,6.665,0.044,6.612,0.023,76.80045387297515,3.0978420669032367,True,6671.641783579823,0.025677268110317,2.328168464088705e-11,,,,validation,6.489
1332953343812327552,7.7683716,8.010486,7.301278,2305.1616,1654.5657,2492.2778,0.70920753,1.440916,6.531,0.084,6.508313200414469,0.025,6.535,0.016,6.454,0.055,0000,0.0,6.811,0.023,6.613,0.02,6.541,0.018,83.97722819389146,3.1475639203148766,True,6234.682909149292,0.068382502669008,2.0985469465155345e-11,,,,validation,6.495
2090731397562176128,8.069854,8.375167,7.5933495,4865.498,2706.876,3719.0022,0.78181744,0.99557596,6.703,0.07,6.712930857521232,0.023,6.735,0.016,6.686,0.068,hh00,0.0,7.067,0.018,6.831,0.024,6.734,0.018,94.39564207866142,3.195094275590012,True,5675.8425636014,0.0918281939962357,1.384519110242198e-11,,,,validation,6.724
6220433609046788480,8.049594,8.249983,7.6953607,3315.3308,1664.3994,1867.4507,0.5546222,1.1250267,7.085,0.031,7.095,0.02,7.106,0.017,7.031,0.077,0000,0.0,7.354,0.024,7.197,0.047,7.125,0.024,91.652697980223,3.238867730940518,True,6671.641783579828,0.056058650971104,1.3997973445698604e-11,,,,validation,7.095
5895430959900260736,8.21683,8.4161825,7.8671465,5016.718,2571.7542,2366.675,0.549036,0.9198902,7.28,0.031,7.298,0.02,7.312,0.017,7.342,0.103,0h00,0.0,7.542,0.019,7.451,0.053,7.325,0.023,96.98038867083486,3.2834103984183827,True,6813.059844288944,0.0459640838852352,1.231869872394254e-11,,,,validation,7.298
188109504461335808,8.310115,8.499131,7.7281003,433.90723,1902.2202,2684.964,0.7710309,8.664181,6.831,0.069,6.817156537887975,0.019,6.86,0.017,6.697,0.083,0000,0.0,7.221,0.021,6.914,0.023,6.867,0.02,99.60690968320104,3.318667668664628,True,5513.817022034117,0.1020081043120826,1.138363903129734e-11,,,,validation,6.839
6506505197195859968,8.280778,8.48954,7.9155335,5816.201,2902.2249,3244.978,0.57400656,1.0681778,7.222,0.035,7.311,0.019,7.317,0.019,7.272,0.119,0000,0.0,7.55,0.019,7.388,0.038,7.329,0.021,96.7491132015083,3.3525430350830607,True,6765.171988810389,0.0649058342559592,1.2132403606928596e-11,,,,validation,7.311
271083015576372096,6.851937,7.0153112,6.4038167,3590.0747,547.6717,440.3375,0.61149454,1.0837044,5.685,0.119,5.677797132808643,0.041,5.683,0.016,5.619,0.037,hh00,1.0,5.964,0.027,5.719,0.036,5.666,0.018,49.20576179370455,3.3918572007261467,True,5971.510850986829,0.0751750995813837,4.299321911465079e-11,,,,validation,5.553
817086883473388672,8.384538,8.617105,7.989021,5562.935,3122.7666,4004.7002,0.6280837,1.014416,7.204,0.036,7.294,0.02,7.313,0.018,7.261,0.112,0000,0.0,7.527,0.021,7.357,0.018,7.312,0.021,98.0770590236294,3.4267008277579407,True,6837.292482994891,0.0627897456927134,1.2870284609468626e-11,,,,validation,7.294
2881270705919758976,7.6628127,7.876752,7.289928,4077.2717,2577.6694,1973.938,0.58682394,1.0757769,6.496,0.217,6.578555232154598,0.067,6.67,0.024,6.442,0.098,hh00,0.0,6.798,0.032,6.64,0.031,6.582,0.024,69.21306620292847,3.461872253426659,True,6825.151634452276,0.0652482808041943,2.547598980032221e-11,,,,validation,6.574
2714226164918517888,8.422318,8.594845,7.859072,295.88867,850.1241,1911.6334,0.7357726,8.995303,6.92,0.055,7.026,0.021,7.045,0.016,6.873,0.079,0000,0.0,7.359,0.018,7.053,0.031,7.017,0.023,96.81897232140872,3.492515657303887,True,5605.091917487289,0.1118658452504971,1.0218181097838407e-11,,,,validation,7.026
152542296164043008,8.158048,8.478612,7.664209,4511.891,2564.9067,2632.0283,0.81440306,3.1214914,6.684,0.077,6.706624394028263,0.023,6.681,0.023,6.524,0.159,0000,1.0,7.119,0.02,6.792,0.015,6.774,9.995,84.40869142962629,3.526112162275428,True,5581.951945998632,0.1014612521492922,1.353396609795992e-11,,,,validation,6.717
1264907730264836224,8.065765,8.305363,7.605594,2710.1365,2384.8372,2462.5671,0.69976854,2.158404,6.727,0.062,6.6931235787244825,0.021,6.735,0.015,6.69,0.052,0000,0.0,7.079,0.02,6.811,0.017,6.766,0.017,79.56659832630163,3.562111043658142,True,5840.598987230437,0.0798918937341396,1.4755373817150408e-11,,,,validation,6.702
6891845020131791104,7.8487716,8.105878,7.4244347,4870.7295,1518.4434,2625.0527,0.6814432,0.91515946,6.605,0.071,6.653618296261142,0.022,6.702,0.016,6.61,0.076,h000,0.0,6.974,0.018,6.74,0.033,6.679,0.023,71.02169516758704,3.591816430184484,True,5998.499616688426,0.0793493360972325,1.650580814582203e-11,,,,validation,6.658
5825293319323469824,8.499242,8.782443,8.046727,8072.2314,5997.314,5725.0327,0.73571587,0.9967168,7.096,0.039,7.182,0.019,7.178,0.017,7.039,0.083,0h00,0.0,7.573,0.018,7.311,0.033,7.235,0.026,94.65713291411384,3.618475270438623,True,5636.287718437363,0.0828657644977442,8.503548241346327e-12,,,,validation,7.182
6342346358822630400,7.942393,8.277995,7.4330344,6296.418,2229.305,2364.1475,0.8449607,0.8469185,6.474,0.079,6.477282830961332,0.023,6.488,0.016,6.413,0.053,0000,0.0,6.863,0.021,6.573,0.023,6.475,0.027,72.11073827721266,3.6523932903219753,True,5272.609172971003,0.1113691039289032,1.468189594964076e-11,,,,validation,6.46
5768603427465996416,8.254332,8.512879,7.8211823,4528.5884,2471.5042,3476.5112,0.6916971,1.0439224,7.01,0.052,7.004,0.021,7.01,0.016,7.011,0.071,0000,0.0,7.34,0.027,7.101,0.049,7.048,0.023,82.10776298758933,3.682410899951499,True,6025.766494746416,0.0771726178813549,1.1708606671827506e-11,,,,validation,7.004
2951961778807656320,8.365517,8.59286,7.976107,4863.57,3324.8843,3464.8748,0.6167531,0.9354786,7.262,0.036,7.294,0.02,7.346,0.02,7.148,0.113,0000,0.0,7.6,0.018,7.379,0.042,7.318,0.018,85.3318350130404,3.70996157504384,True,6118.728586466707,0.0747367278770955,9.575684805604723e-12,,,,validation,7.294
297045096447719040,6.999839,7.2736506,6.554308,5224.6284,2714.3838,1647.3097,0.7193427,0.92315376,5.78,0.134,5.761834062263307,0.048,5.791,0.014,5.735,0.043,0000,0.0,6.048,0.021,5.824,0.018,5.784,0.023,44.83183193089613,3.741906572543199,True,6294.5538375928345,0.0639164033483459,4.466437170546495e-11,,,,validation,5.648
5040507858341584768,8.729333,8.631022,7.7793155,1728.87,39.29632,172.51125,0.851707,1.1498325,6.804,0.069,6.811687089920039,0.02,6.875,0.017,6.762,0.068,0000,0.0,7.211,0.021,6.96,0.038,6.869,0.02,98.27794250044332,3.767052721381919,True,5605.091917487281,0.0834923208691854,1.1656907293798011e-11,,,,validation,6.833
5454470275350136064,7.8700733,8.166942,7.3978157,5264.058,2135.5737,3276.607,0.76912594,1.6900462,6.466,0.08,6.447183702102283,0.024,6.494,0.016,6.335,0.054,0000,0.0,6.891,0.023,6.621,0.049,6.508,0.021,65.41600027115494,3.791653367278812,True,5306.568372077806,0.0778077415800666,1.4500653421575527e-11,,,,validation,6.426
5950950009270618624,7.6379457,7.8611236,7.2527127,3598.3909,1825.8042,1771.6693,0.60841084,0.8400862,6.589,0.073,6.570537237778002,0.022,6.62,0.018,6.51,0.056,0000,0.0,6.859,0.02,6.64,0.044,6.599,0.021,58.02811555443311,3.819753363944514,True,6335.199145140588,0.0724831027962168,2.026304443867461e-11,,,,validation,6.565
3025295321725752576,8.012109,8.263296,7.5937614,3664.0127,1282.5354,1417.371,0.6695347,1.093477,6.868,0.05,6.854635587976738,0.019,6.895,0.018,6.853,0.074,0h00,0.0,7.156,0.024,7.011,0.055,6.905,0.023,68.0238667027218,3.8488024247975634,True,6428.865070819764,0.0599105781555984,1.5494700558148395e-11,,,,validation,6.88
2093071536262302976,8.657003,8.960763,8.1767845,6836.0854,3396.6182,4263.5293,0.78397846,0.9059123,7.226,0.037,7.272,0.019,7.266,0.017,7.183,0.097,0000,0.0,7.63,0.035,7.279,0.061,7.274,0.016,90.56918612497024,3.872100674536864,True,5498.931509086732,0.1285767386046904,7.523462094599663e-12,,,,validation,7.272
2629165746370412800,8.833027,9.076978,8.425319,4231.8335,1859.9766,3601.356,0.651659,1.027897,7.664,0.031,7.722,0.021,7.701,0.021,7.528,0.157,0,0.0,7.985,0.026,7.773,0.053,7.775,0.059,96.9084294486134,3.901219223941421,True,6898.736062694915,0.0674434504234008,8.50917349651786e-12,0.0472757728982538,True,74.0,template,7.722
5788712941084796160,8.907004,9.188648,8.425916,4116.573,1517.4979,1272.1813,0.7627325,1.3902243,7.478,0.033,7.515,0.021,7.49,0.018,7.402,0.092,0000,0.0,7.917,0.032,7.622,0.04,7.549,0.042,99.09001773418916,3.9268544693150993,True,5411.506026388219,0.1079457048551948,5.56513329706262e-12,,,,validation,7.515
5233038357334359936,8.232277,8.516629,7.775568,2317.064,689.32574,1221.7208,0.7410612,0.8997254,6.902,0.06,6.904297725266321,0.02,6.928,0.016,6.846,0.054,0000,0.0,7.279,0.02,7.08,0.026,6.945,0.016,71.86716424945132,3.94962445646709,True,5667.881083329062,0.0830081137745584,1.1194733969617225e-11,,,,validation,6.934
1011910929347393792,8.444105,8.743136,7.975845,5787.3096,4231.7236,4406.268,0.76729155,1.4196668,7.048,0.048,7.142,0.02,7.143,0.017,7.242,0.103,0000,0.0,7.436,0.027,7.186,0.016,7.138,0.024,78.33075218781889,3.974443515158113,True,5971.510850986819,0.0924113221037776,1.0844280234136402e-11,,,,validation,7.142
4705838474720188672,8.632758,8.871508,8.229884,4705.447,1590.7375,2326.6,0.6416235,0.9727314,7.449,0.033,7.523,0.02,7.522,0.018,7.45,0.117,0,0.0,7.822,0.021,7.602,0.033,7.584,0.021,84.3756470706991,4.001672417876804,True,6569.851115402052,0.0649133771906016,9.099772266019298e-12,0.1153503452424455,True,76.0,template,7.523
180084027351378560,8.696155,9.03219,8.189066,2693.6582,768.33997,1117.4816,0.8431244,3.0116577,7.217,0.037,7.255,0.022,7.249,0.017,7.319,0.125,0000,0.0,7.631,0.018,7.403,0.034,7.281,0.026,85.9150477604521,4.025808820716357,True,5543.863889109245,0.0829526554781345,7.780093704685567e-12,,,,validation,7.255
3107482372796961024,8.494412,8.746999,8.075267,3097.9292,1058.3381,1401.9948,0.67173195,1.1071823,7.291,0.028,7.341,0.019,7.329,0.018,7.351,0.15,0000,0.0,7.663,0.021,7.411,0.044,7.33,0.033,77.3315179093067,4.05262932573163,True,5675.842563601409,0.1078380310042693,7.578270486397691e-12,,,,validation,7.341
1900442940229593216,7.359045,7.590496,6.877292,1644.0402,3951.5493,3487.1462,0.7132039,5.741473,5.982,0.131,5.996352233506348,0.042,6.033,0.015,5.971,0.043,dd00,0.0,6.341,0.021,6.082,0.024,6.007,0.015,45.38113760173418,4.074668107706792,True,5667.881083329044,0.0789392456299971,2.7925790727089807e-11,,,,validation,5.914
6675910939417506432,8.834776,9.120788,8.380945,5675.5083,3719.9985,4323.9756,0.7398424,0.97340983,7.512,0.032,7.588,0.019,7.581,0.019,7.71,0.182,0000,0.0,7.912,0.018,7.657,0.042,7.61,0.029,88.42427198579657,4.10191853564651,True,5935.952168431095,0.0894640339679739,6.734344297982254e-12,,,,validation,7.588
41609166424575360,8.118742,8.37146,7.695602,3176.6814,2017.3304,1948.9686,0.675858,0.9901528,6.861,0.248,6.90983831594383,0.021,6.966,0.018,6.871,0.091,0000,1.0,7.227,0.026,6.992,0.021,6.958,0.016,62.96553029259426,4.123227673410193,True,6244.5716557630985,0.0786093547810963,1.4276340064796764e-11,,,,validation,6.94
3291710592612009216,8.436048,8.708513,7.995929,2355.3242,950.2485,1168.7401,0.7125845,1.1874206,7.211,0.045,7.221,0.027,7.243,0.02,7.096,0.119,HH00,0.0,7.493,0.023,7.288,0.02,7.216,0.024,72.09375679560942,4.1465597143095,True,6166.443589521763,0.0873363354622984,1.0863178900926242e-11,,,,validation,7.221
121303624630492416,8.994208,9.263784,8.55807,5442.24,2019.2266,3286.1506,0.7057142,0.9130839,7.762,0.026,7.811,0.021,7.804,0.019,7.718,0.161,0h00,0.0,8.075,0.021,7.85,0.017,7.802,0.021,92.24157174836655,4.16957452749204,True,6205.228597886605,0.0875201387431212,6.426158909936203e-12,,,,validation,7.811
2754482618506108416,8.953881,9.264757,8.473912,5109.9736,2776.3914,3252.5527,0.7908449,1.0635028,7.522,0.031,7.613,0.02,7.608,0.02,7.576,0.202,0000,0.0,7.975,0.037,7.721,0.033,7.644,0.02,89.53968841320338,4.193803106199203,True,5691.842154812591,0.0883780442054289,5.918203376853384e-12,,,,validation,7.613
6055627978660934272,8.612699,8.897975,8.1588125,6632.925,5741.949,4608.152,0.73916245,0.9053081,7.334,0.027,7.362,0.02,7.378,0.019,7.188,0.072,0000,1.0,7.656,0.023,7.45,0.049,7.359,0.026,75.73994095765094,4.216074188825921,True,5980.476245288843,0.088924795131728,8.439816921680085e-12,,,,validation,7.362
6170740906151056896,9.23017,9.550626,8.730974,5090.8184,3804.7246,1249.624,0.8196516,1.1281842,7.73,0.028,7.774,0.019,7.772,0.019,7.638,0.123,0000,1.0,8.162,0.026,7.925,0.04,7.772,0.027,99.47815651081596,4.241531357490924,True,5259.1639041110375,0.1095855493969474,4.167678982898896e-12,,,,validation,7.774
3065665501751684992,9.231823,9.523398,8.77016,7120.7983,3414.7678,3300.078,0.7532387,0.9543924,7.869,0.026,7.929,0.02,7.904,0.019,7.757,0.171,0000,0.0,8.257,0.023,7.982,0.061,7.932,0.031,98.46796092621952,4.265348276771068,True,5740.462806252111,0.1077367592986226,4.5108769205239655e-12,,,,validation,7.929
3313630082762446208,8.081527,8.372159,7.6212482,2929.8787,883.46094,1347.8439,0.75091076,0.982283,6.777,0.064,6.760813317282281,0.021,6.811,0.017,6.837,0.091,0000,0.0,7.081,0.021,6.883,0.029,6.797,0.02,57.307069327470565,4.290486003554209,True,6099.876114897963,0.0735798708964465,1.5326611991025474e-11,,,,validation,6.777
979229114443510784,9.185755,9.448908,8.751292,6421.18,3455.3958,4551.831,0.6976156,1.055526,7.936,0.026,7.96,0.019,7.944,0.019,7.74,0.163,0000,0.0,8.265,0.02,8.004,0.018,7.943,0.018,94.40716817192884,4.310730146130153,True,5765.129544360839,0.1060143436093146,4.665127567871033e-12,,,,validation,7.96
2889483920341547648,8.885673,9.153937,8.4496765,6555.281,2384.9565,3550.8987,0.7042608,1.0059747,7.627,0.03,7.653,0.02,7.65,0.018,7.522,0.144,0000,0.0,7.962,0.021,7.744,0.042,7.666,0.018,81.35097636842865,4.333859151627237,True,5989.472623985314,0.0807093475717165,6.534617767259768e-12,,,,validation,7.653
6717484504859020800,8.011172,8.337552,7.5107555,3773.5916,1482.3177,1708.2472,0.82679653,0.9068791,6.545,0.085,6.573209419737759,0.026,6.603,0.013,6.613,0.094,hh00,0.0,6.932,0.021,6.689,0.04,6.576,0.018,53.76829820599342,4.358540544733838,True,5498.931509086723,0.0966222047575494,1.478670582032896e-11,,,,validation,6.568
1129330146899428992,8.907428,9.222543,8.42409,7219.0825,3552.1375,3660.0864,0.7984524,0.8948519,7.483,0.033,7.565,0.02,7.536,0.017,7.5,0.109,hh00,0.0,7.916,0.019,7.634,0.021,7.551,0.018,80.56855232890592,4.376600198859077,True,5433.065135891799,0.1096413435131816,5.833012759833411e-12,,,,validation,7.565
4914065704775922432,9.201502,9.5062,8.729564,7769.5156,3205.6655,3741.718,0.7766361,1.1135687,7.828,0.025,7.896,0.021,7.867,0.018,7.755,0.13,0000,0.0,8.218,0.021,7.966,0.036,7.933,0.02,91.08408104047034,4.404289594849125,True,6090.499164615351,0.0784921099021861,5.432521597051515e-12,,,,validation,7.896
6241718642333934976,8.855884,9.155019,8.385175,5234.476,3387.9092,3207.307,0.76984406,1.0385699,7.48,0.027,7.536,0.021,7.539,0.019,7.655,0.167,0000,0.0,7.874,0.02,7.647,0.026,7.554,0.031,76.83585250195979,4.42806442910676,True,5781.708510907721,0.0821774136521209,6.683304164944783e-12,,,,validation,7.536
4653880262476464128,9.246051,9.58823,8.737709,6594.399,2131.1213,3339.569,0.8505211,1.0190271,7.731,0.029,7.829,0.02,7.802,0.019,7.738,0.134,0000,0.0,8.194,0.023,7.889,0.036,7.831,0.024,91.05203362363558,4.449602749528712,True,5447.546390721934,0.1127521562553756,4.442874423022906e-12,,,,validation,7.829
50142819765290496,8.864345,9.165442,8.39517,5590.076,3904.5525,4837.0566,0.77027225,1.1264188,7.513,0.032,7.553,0.02,7.556,0.019,7.382,0.142,0000,0.0,7.888,0.026,7.616,0.031,7.565,0.016,75.52896303730635,4.4737773891890775,True,5756.880449761878,0.0950863635448237,6.567311158495201e-12,,,,validation,7.553
6409904819998547840,9.000379,9.343211,8.485955,9317.165,4084.9092,4110.1846,0.85725594,5.903928,7.449,0.031,7.537,0.02,7.519,0.018,7.442,0.127,0000,0.0,7.902,0.021,7.592,0.04,7.519,0.031,79.65132826855648,4.494413887456455,True,5306.568372077805,0.1256029792205689,5.462481938878864e-12,,,,validation,7.537
6742404557944480512,8.658744,8.965366,8.175638,4659.1885,2866.4749,3286.1663,0.78972816,1.0531956,7.217,0.036,7.286,0.02,7.268,0.018,7.321,0.134,0000,0.0,7.637,0.024,7.433,0.038,7.303,0.021,67.40615912125442,4.515246093720691,True,5667.881083329054,0.0825581342296235,7.931977387432271e-12,,,,validation,7.286
5165111078712185216,8.479103,8.804218,7.9811363,4612.9067,3197.4983,2923.9773,0.823082,0.9395738,7.009,0.046,7.062,0.021,7.066,0.017,6.997,0.095,0000,0.0,7.435,0.017,7.132,0.029,7.054,0.026,61.39056138986061,4.538594975841313,True,5320.291737131856,0.1149949788317416,8.689512487755607e-12,,,,validation,7.062
6842217325862263680,9.367455,9.649272,8.918169,4965.6777,2270.8865,3077.8127,0.73110294,1.0010039,8.061,0.023,8.096,0.021,8.067,0.021,8.032,0.294,0000,0.0,8.418,0.027,8.178,0.065,8.099,0.04,91.45817604978076,4.56134232001472,True,5790.038264575299,0.1028445029851459,3.897421241469057e-12,,,,validation,8.096
5090399332324571904,9.368055,9.703594,8.863415,12385.438,6528.5073,6465.0327,0.84017944,0.91017956,7.843,0.025,7.96,0.02,7.914,0.02,7.983,0.204,0000,1.0,8.325,0.026,8.049,0.033,7.939,0.027,90.65592119398887,4.581074123430138,True,5286.133398813904,0.1187946081769126,3.682982654330466e-12,,,,validation,7.96
4887382894032297472,9.322736,9.622165,8.852829,8465.82,4497.468,5293.4067,0.76933575,0.99410254,7.966,0.025,7.969,0.019,7.982,0.019,7.567,0.109,0000,1.0,8.368,0.02,8.049,0.046,8.02,0.029,87.94130292729449,4.6017715210808525,True,5559.028169158608,0.1025847472354066,3.923872552863461e-12,,,,validation,7.969
933500082245641216,7.8565116,8.222712,7.314926,5243.728,1646.1016,2491.7588,0.9077854,28.445686,5.931,0.091,6.1230042982007005,0.025,6.219,0.016,6.165,0.052,hh00,1.0,6.702,0.027,6.372,0.026,6.301,0.026,44.29426056347017,4.624774319572808,True,5186.588402724915,0.0947136050542235,1.7711960851638796e-11,,,,validation,6.058
3118443571713447936,9.289399,9.592563,8.819088,5063.7007,1359.3596,3048.663,0.7734747,0.9953487,7.92,0.026,7.965,0.02,7.947,0.02,7.837,0.172,0000,0.0,8.328,0.023,8.074,0.053,7.996,0.034,84.90738777506697,4.644671601173823,True,5683.829442382626,0.0912514575895702,4.191461181468797e-12,,,,validation,7.965
6661170371141429248,8.676322,8.985858,8.195753,3684.7944,1222.3083,1920.8466,0.79010487,0.96756655,7.274,0.039,7.32,0.021,7.3,0.019,7.014,0.084,0000,0.0,7.668,0.035,7.395,0.046,7.311,0.02,63.30643582744376,4.669082683541479,True,5491.523573577486,0.111069878046182,7.188296843965688e-12,,,,validation,7.32
3761859466841935104,9.454658,9.577226,8.702491,1178.9025,411.3676,1015.0973,0.8747349,4.516069,7.594,0.031,7.681,0.02,7.66,0.018,7.56,0.143,0000,0.0,8.119,0.021,7.799,0.046,7.711,0.021,89.7387010174304,4.689759106210236,True,5141.578574592629,0.108708463737587,4.362578771340616e-12,,,,validation,7.681
3731597741453758336,9.706801,10.046571,9.198762,5657.7236,3590.879,3615.3242,0.84780884,2.59436,8.175,0.023,8.221,0.019,8.206,0.021,8.246,0.212,0000,0.0,8.645,0.027,8.37,0.042,8.218,0.024,99.86315407577248,4.709774606582222,True,5023.77195582584,0.1214887330959187,2.48119305062819e-12,,,,validation,8.221
1706382917495278848,9.564942,9.891293,9.068505,6909.347,2431.4304,4129.314,0.8227873,0.92846453,8.104,0.023,8.146,0.02,8.11,0.019,7.965,0.103,0000,0.0,8.497,0.027,8.189,0.021,8.151,0.015,92.72280758366992,4.729009133516355,True,5574.286808770976,0.1082401984627578,3.588410897522149e-12,,,,validation,8.146
4186630250654478720,9.56338,9.872381,9.079811,5433.395,2703.5332,4061.5227,0.7925701,2.1768446,8.136,0.024,8.166,0.021,8.113,0.023,7.92,0.198,h000,0.0,8.542,0.029,8.185,0.026,8.249,0.042,91.64259285509252,4.752893158809481,True,6016.646195934736,0.0951083916182945,4.066465874828173e-12,,,,validation,8.166
2122700213530569728,9.433469,9.763472,8.933155,1987.8159,566.18823,682.34906,0.83031654,1.1378572,7.97,0.025,8.016,0.02,7.977,0.018,7.903,0.12,0000,0.0,8.368,0.02,8.114,0.016,8.04,0.019,85.47374567980998,4.7743053186020905,True,5716.034702637912,0.0863858988579508,4.261314870730742e-12,,,,validation,8.016
3634019284240045056,9.008833,9.392563,8.453438,5323.3926,2812.241,5388.849,0.93912506,4.2380867,7.25,0.037,7.366,0.02,7.348,0.017,7.36,0.094,0000,0.0,7.84,0.024,7.45,0.053,7.383,0.033,69.51190851443796,4.798536936828128,True,4849.753544976461,0.146477041721781,5.001199005044284e-12,,,,validation,7.366
36696445392815360,9.804379,10.0746,9.277087,4090.4763,359.72333,325.9553,0.797513,1.2823335,7.722,0.027,7.787,0.02,7.781,0.021,7.907,0.2,0000,0.0,8.196,0.024,7.884,0.029,7.794,0.02,99.3478408450045,4.818586835487983,True,5180.103475023521,0.1135356932860328,4.100167570044241e-12,,,,validation,7.787
2724135509168559104,9.598837,9.944573,9.084332,6895.0356,1704.6316,3609.8088,0.86024094,0.8880108,8.087,0.022,8.145,0.02,8.116,0.021,7.979,0.223,0000,0.0,8.512,0.027,8.179,0.044,8.14,0.023,89.52656385228181,4.839077419914027,True,5383.062663882513,0.1274903205467487,3.196083167677874e-12,,,,validation,8.145
4456362619273976320,9.501188,9.814969,9.015896,6889.6997,4681.65,5250.7324,0.7990732,1.0975381,8.07,0.023,8.114,0.02,8.077,0.022,7.911,0.175,0000,0.0,8.478,0.026,8.214,0.031,8.14,0.026,84.70747480202827,4.861579323668742,True,5636.287718437372,0.0917005029927548,3.632994396174715e-12,,,,validation,8.114
2097961408067605760,9.091988,9.397616,8.610451,5457.4536,2131.249,3083.7085,0.78716564,0.983347,7.629,0.033,7.671,0.02,7.664,0.017,7.699,0.144,0000,0.0,8.064,0.024,7.751,0.02,7.708,0.021,69.56465897035838,4.8800446979411625,True,5498.931509086732,0.0972428262498277,5.274803162542453e-12,,,,validation,7.671
1894962115280642688,9.011125,9.366001,8.484819,6463.605,3685.733,4041.8765,0.8811817,1.0603896,7.407,0.034,7.488,0.018,7.491,0.015,7.461,0.123,hh00,0.0,7.881,0.019,7.511,0.017,7.499,0.021,66.35597468127573,4.901724836168846,True,5313.41999476493,0.1227185778542939,5.948799726031761e-12,,,,validation,7.488
156417456177891712,9.671111,10.024053,9.148798,3661.052,1288.9004,1727.4512,0.87525463,0.8142211,8.147,0.022,8.19,0.019,8.153,0.023,7.772,0.209,0000,0.0,8.608,0.019,8.308,0.036,8.19,0.017,89.16502254232329,4.920138381478221,True,5078.799530090017,0.1166078386537773,2.70283161048576e-12,,,,validation,8.19
1831501014247692928,9.220302,9.608476,8.665529,9109.925,4182.702,3719.0442,0.94294643,3.7173605,7.546,0.027,7.644,0.02,7.595,0.018,7.631,0.134,0000,0.0,8.011,0.021,7.679,0.044,7.591,0.02,71.75918251723667,4.940914587157852,True,5066.45287887448,0.1444330952540036,4.577916717500603e-12,,,,validation,7.644
4046224853575050624,9.280865,9.635547,8.754076,4825.7285,2622.6484,1853.7573,0.8814707,0.7067623,7.584,0.023,7.688,0.019,7.73,0.021,7.739,0.214,hh00,0.0,8.194,0.02,7.827,0.04,7.748,0.023,72.97414726816075,4.965019856067407,True,4911.945313365451,0.1127271579209254,3.8446693546557655e-12,,,,validation,7.688
613140808098832000,9.807406,10.153061,9.292692,1765.9349,519.12476,852.24536,0.8603687,0.9952898,8.288,0.023,8.34,0.02,8.284,0.026,7.999,0.307,hhhH,0.0,8.718,0.03,8.433,0.036,8.324,0.024,92.23344126735378,4.982963936777431,True,5232.506452890719,0.1228041150752967,2.489317672576912e-12,,,,validation,8.34
2457482743769568768,9.173413,9.505005,8.667338,8005.874,2607.041,4867.3975,0.8376665,1.0031496,7.66,0.03,7.717,0.02,7.697,0.018,7.633,0.125,0000,0.0,8.095,0.032,7.784,0.031,7.721,0.027,68.22307353741357,5.00375659480798,True,5368.967976890707,0.1174691914298312,4.687147720653181e-12,,,,validation,7.717
6765078102617681152,9.849754,10.186513,9.343307,3637.1104,1763.5989,2036.1753,0.8432064,0.9048702,8.366,0.022,8.414,0.02,8.371,0.025,8.259,0.347,0,0.0,8.781,0.024,8.459,0.038,8.45,0.025,92.25675449919508,5.02476313753334,True,5691.84215481257,0.1038105526475711,2.8220855879780575e-12,0.1247116882310255,False,96.0,template,8.414
4585455072603671040,9.709733,10.076017,9.174218,3103.2024,1066.6339,1464.5979,0.9017992,0.9180702,8.14,0.023,8.188,0.02,8.15,0.021,8.099,0.206,0000,0.0,8.542,0.019,8.22,0.027,8.181,0.022,85.73419850363989,5.043962539227309,True,5462.116302644643,0.1183899914564773,3.265990853066245e-12,,,,validation,8.188
2339181992769952640,9.776328,10.088243,9.294449,4125.156,2561.2893,4274.897,0.7937937,0.9796697,8.356,0.022,8.378,0.02,8.346,0.023,8.09,0.283,0000,1.0,8.777,0.029,8.496,0.042,8.395,0.021,87.64677911157392,5.062648194757498,True,5313.419994764937,0.1070159767575276,2.453235778780086e-12,,,,validation,8.378
1760675113751023360,9.62904,9.977936,9.109333,2063.4802,760.15625,1009.81647,0.86860275,1.0542065,8.112,0.023,8.153,0.02,8.096,0.021,7.944,0.198,0,0.0,8.49,0.023,8.197,0.023,8.175,0.015,81.25330622759782,5.079834791918483,True,5823.634333061661,0.0952212167659466,3.916978762274379e-12,0.1337825776927292,False,97.0,template,8.153
4880032624440826112,8.914871,9.301931,8.358593,8016.0454,3987.9377,5480.847,0.9433384,1.0829058,7.234,0.037,7.305,0.019,7.272,0.016,7.169,0.096,0000,0.0,7.754,0.021,7.39,0.026,7.329,0.029,57.83830080542982,5.10379337193427,True,5035.882623289698,0.1222282542569331,5.920881951922015e-12,,,,validation,7.305
3174995513475651328,9.218716,9.577007,8.691685,3351.8708,1023.17554,1518.3578,0.8853226,1.0086085,7.651,0.031,7.709,0.019,7.687,0.019,7.676,0.14,0000,0.0,8.144,0.021,7.8,0.033,7.711,0.016,65.96045482404104,5.122297791904558,True,4987.834762135829,0.125640781775934,4.064019513167284e-12,,,,validation,7.709
1877392881540761600,9.99134,10.376917,9.439335,4495.4326,4200.6294,5040.5054,0.937582,1.1085614,8.328,0.022,8.389,0.02,8.333,0.023,8.312,0.25,0000,0.0,8.779,0.027,8.455,0.023,8.375,0.026,93.2345372154144,5.143455902628997,True,5167.18889808412,0.1258541423695451,2.364392577447973e-12,,,,validation,8.389
877396294552856064,9.954485,10.3270235,9.414204,5065.5967,2160.5737,2861.346,0.91281986,1.0681883,8.363,0.024,8.386,0.02,8.364,0.022,8.147,0.238,0000,0.0,8.824,0.023,8.474,0.02,8.389,0.017,90.8234984000282,5.163493868343178,True,4975.9860987762095,0.1296548211252195,2.192680725259516e-12,,,,validation,8.386
2880344814049900160,9.811891,10.149094,9.302478,6816.418,3389.0178,4563.733,0.8466158,0.92597026,8.29,0.021,8.341,0.02,8.322,0.024,8.365,0.31,hh00,0.0,8.719,0.027,8.396,0.023,8.338,0.031,84.35830030468148,5.181251896188016,True,5320.29173713186,0.1199442144188676,2.6297845902195186e-12,,,,validation,8.341
2760687746738093568,9.774599,10.101178,9.272949,7712.089,3462.6663,6842.0425,0.82822895,1.1450751,8.257,0.023,8.296,0.019,8.281,0.023,8.021,0.238,0000,0.0,8.72,0.034,8.416,0.08,8.319,0.027,82.03147074345121,5.204696509535211,True,5186.588402724906,0.1227251204748953,2.431691735725815e-12,,,,validation,8.296
5456406549685932416,9.3742075,9.732868,8.843917,10057.589,3973.0798,4983.177,0.8889513,1.0486375,7.758,0.026,7.834,0.02,7.83,0.019,7.774,0.18,0000,1.0,8.249,0.034,7.912,0.047,7.837,0.031,67.57499760135846,5.225277305224751,True,5116.255681129394,0.1366427005027772,3.677373239438617e-12,,,,validation,7.834
5571349353517867648,10.236652,10.636224,9.676816,2308.3604,1098.6885,1427.1111,0.9594078,1.0392151,8.543,0.023,8.598,0.02,8.523,0.021,8.366,0.195,0000,0.0,9.056,0.026,8.731,0.051,8.589,0.021,99.64675584689292,5.244336179284469,True,4794.751212510503,0.1356182516745223,1.593897488860272e-12,,,,validation,8.598
1967282939282261120,9.853745,10.205169,9.328436,2550.6733,819.5254,1043.4512,0.8767328,0.8585821,8.278,0.023,8.314,0.02,8.253,0.02,7.968,0.152,0h00,0.0,8.747,0.023,8.41,0.036,8.347,0.024,82.80334846278431,5.263505502699616,True,5193.091865418757,0.1131545458263633,2.4712735115209173e-12,,,,validation,8.314
6674365919422127616,9.886233,10.246651,9.358488,4078.6353,1568.5183,2541.6665,0.8881626,0.97784925,8.294,0.022,8.347,0.02,8.305,0.023,7.898,0.225,0,0.0,8.777,0.024,8.49,0.033,8.377,0.023,83.26721216190074,5.283862877739551,True,5193.091865418773,0.1005580652856241,2.4035591455380184e-12,0.1717380738166589,False,101.0,template,8.347
2696611885562327296,9.761883,10.177305,9.181622,6001.132,3272.715,3361.933,0.99568367,1.0688592,8.016,0.023,8.083,0.02,8.033,0.021,8.002,0.244,0000,0.0,8.554,0.026,8.165,0.029,8.08,0.023,77.83594832982203,5.305981894517995,True,4757.087315931004,0.144639950756039,2.553072742350038e-12,,,,validation,8.083
370432927757235840,10.253174,10.749622,9.601245,4349.6206,1675.6044,3175.6309,1.1483774,11.077281,8.207,0.023,8.268,0.02,8.205,0.02,8.142,0.166,0h00,0.0,8.862,0.026,8.423,0.026,8.318,0.026,96.64800019333624,5.327209639060962,True,4414.376059440688,0.1406212072415185,1.768160943589867e-12,,,,validation,8.268
6582678847372469376,9.930579,10.367283,9.332377,8325.014,4324.5312,6855.431,1.0349054,1.0893803,8.119,0.022,8.186,0.019,8.113,0.022,8.253,0.287,0000,0.0,8.678,0.023,8.276,0.038,8.18,0.036,82.586735163893,5.3460275108402655,True,4632.914492714943,0.1607371668028839,2.126306404189548e-12,,,,validation,8.186
3543065139771869312,10.1294,10.611524,9.486405,5557.444,2129.756,3374.4556,1.1251183,2.2182786,8.114,0.022,8.18,0.02,8.132,0.02,8.236,0.251,0000,0.0,8.704,0.024,8.255,0.033,8.167,0.027,89.62874580857931,5.367163403482525,True,4446.10955488911,0.1730568964329267,1.987121834495207e-12,,,,validation,8.18
200558931025974784,10.076809,10.463871,9.521391,6876.888,3214.4475,4178.4404,0.9424801,0.97266847,8.415,0.023,8.464,0.019,8.422,0.025,7.9,0.237,0000,0.0,8.892,0.023,8.548,0.018,8.461,0.019,86.79575318280843,5.384316619186244,True,4999.748955835509,0.1276801378049756,2.0720782379263324e-12,,,,validation,8.464
6474450550595886464,9.449655,9.823478,8.90418,7724.722,3102.5732,3717.3313,0.9192982,0.94380134,7.797,0.028,7.856,0.019,7.817,0.02,7.695,0.147,0000,0.0,8.3,0.027,7.935,0.04,7.841,0.029,64.40940938719014,5.404908415807176,True,4838.637865804039,0.1535947218385047,3.1883061269356785e-12,,,,validation,7.856
1849961642680846720,10.400167,10.811849,9.819871,7276.825,2626.2432,3694.7852,0.9919777,9.316694,8.614,0.023,8.656,0.019,8.612,0.023,8.651,0.327,HH00,0.0,9.167,0.043,8.747,0.034,8.657,0.018,98.92794643061691,5.423572030075798,True,4573.550971355346,0.1591977613608421,1.3521696122782258e-12,,,,validation,8.656
4795464336128889472,8.294276,8.716092,7.713283,2417.557,491.2882,708.97217,1.002809,1.0260427,6.538,0.075,6.556293559241023,0.024,6.553,0.015,6.474,0.049,0000,0.0,7.052,0.021,6.673,0.044,6.579,0.026,37.13757203192556,5.44520846415581,True,4762.426529794016,0.1298235529314699,1.0434826014672727e-11,,,,validation,6.549
4274188660842103936,9.500988,9.938442,8.899599,5607.704,1278.2223,2652.074,1.0388432,1.104877,7.656,0.028,7.739,0.021,7.695,0.021,7.756,0.204,0000,0.0,8.22,0.03,7.84,0.059,7.721,0.031,64.11994048181651,5.466022447218805,True,4627.900440429148,0.1644128062980075,3.187993555608461e-12,,,,validation,7.739
4666724207555628416,10.45205,10.83548,9.899476,6155.9746,2433.3054,3630.7659,0.9360037,0.9994573,8.743,0.022,8.798,0.02,8.744,0.024,8.63,0.246,0000,1.0,9.253,0.021,8.868,0.023,8.769,0.018,98.38929888059742,5.487310670944526,True,4704.436081993859,0.1534569472567774,1.3369121499575998e-12,,,,validation,8.798
4800550200180354304,10.3164425,10.751423,9.713313,6057.2065,2043.5082,4008.9946,1.0381098,1.6018991,8.378,0.023,8.418,0.02,8.368,0.02,8.341,0.196,0000,0.0,9.001,0.024,8.533,0.024,8.447,0.02,91.43397224465038,5.51090456196885,True,4369.926597845816,0.1569069164356532,1.544554313391284e-12,,,,validation,8.418
1881693999230931712,10.001097,10.5310135,9.32391,2751.0393,1056.8457,1565.4976,1.2071037,1.1994721,7.841,0.025,7.913,0.019,7.875,0.019,7.901,0.164,0000,0.0,8.491,0.026,8.03,0.021,7.91,0.018,78.31131262469114,5.531974482455972,True,4254.846884720092,0.1680332548405898,2.3772249501144343e-12,,,,validation,7.913
1444129083368742912,9.717297,10.098208,9.162619,4196.1978,1924.3188,2529.4475,0.9355898,0.82220757,8.031,0.022,8.088,0.02,8.046,0.02,8.047,0.191,0000,0.0,8.518,0.05,8.183,0.031,8.107,0.027,68.10431771814983,5.551423767769089,True,5122.559742688179,0.1228145687939728,2.933802066279708e-12,,,,validation,8.088
2345869630511255040,9.722998,10.140995,9.113496,4719.0913,2104.9717,883.75165,1.0274992,0.8556201,7.806,0.027,7.875,0.021,7.811,0.02,7.689,0.193,0000,0.0,8.39,0.021,7.99,0.044,7.879,0.029,67.59649854460496,5.573376998260807,True,4568.682604505404,0.1496953889431378,2.7814539911395894e-12,,,,validation,7.875
260659301751352320,10.189474,10.591195,9.61919,7053.575,4239.778,6668.975,0.9720049,1.1414138,8.444,0.024,8.495,0.021,8.466,0.022,8.358,0.287,0000,0.0,8.95,0.024,8.6,0.04,8.473,0.019,83.00561666744468,5.5939365980505045,True,4741.151155272029,0.1441016988590407,1.750540365715265e-12,,,,validation,8.495
6772850408580993664,10.466974,10.983948,9.790189,2827.6743,1194.2695,1844.1282,1.193759,26.592468,8.293,0.023,8.324,0.02,8.282,0.023,8.094,0.247,0000,0.0,8.945,0.026,8.535,0.065,8.348,0.024,93.30097045469029,5.617543194937113,True,4189.842822210895,0.1617221458078763,1.4540099299718845e-12,,,,validation,8.324
2583347791170879744,10.383921,10.820935,9.736946,1035.2938,413.4463,549.6398,1.0839891,2.6077359,8.334,0.111,8.382,0.054,8.382,0.046,7.936,0.255,HHd0,0.0,8.935,0.021,8.52,0.027,8.43,0.023,88.93377331784387,5.638587404363816,True,4598.074198445946,0.1440449701116423,1.898141229257713e-12,,,,validation,8.382
4224298252007371648,10.189409,10.61218,9.6056795,1665.5906,536.30176,476.76035,1.0065002,0.8361881,8.408,0.023,8.464,0.019,8.391,0.024,8.136,0.27,0000,0.0,8.978,0.035,8.569,0.021,8.465,0.019,80.41786003106228,5.662646439619071,True,4558.980326177775,0.149574543480795,1.6466538227047473e-12,,,,validation,8.464
2386769676358235520,9.65262,10.133125,8.997777,4288.708,1019.47003,3359.6882,1.1353483,8.839586,7.515,0.029,7.603,0.019,7.554,0.018,7.395,0.116,0000,1.0,8.22,0.023,7.751,0.046,7.65,0.024,62.184899142879765,5.6841953285673945,True,4300.889070528937,0.1576203556442793,3.027090011683976e-12,,,,validation,7.603
6349039120460335104,8.214351,8.656391,7.602644,6047.382,1683.2606,2326.3042,1.0537472,2.7147586,6.32,0.09,6.3377052637877265,0.026,6.328,0.015,6.308,0.049,0000,0.0,6.867,0.021,6.467,0.027,6.358,0.023,31.77773580273029,5.703736249836233,True,4578.432104530229,0.1330752989572757,1.2118335186621747e-11,,,,validation,6.302
3533316216844732416,10.485978,10.910675,9.894603,5618.2017,1728.5525,2693.1978,1.0160723,0.85387975,8.685,0.023,8.756,0.02,8.729,0.028,8.83,0.413,0000,0.0,9.219,0.026,8.843,0.047,8.734,0.024,89.38270825254185,5.729710452824733,True,4699.243702999295,0.1563571445532709,1.320177676710184e-12,,,,validation,8.756
6255381379981711616,10.672003,11.135202,10.032268,2084.5862,1376.7921,1696.3125,1.1029348,3.7267025,8.622,0.023,8.609,0.019,8.525,0.028,8.458,0.361,hh00,1.0,9.308,0.024,8.838,0.027,8.729,0.021,96.49203013115924,5.749545781104812,True,4263.134005355625,0.1274753512443721,1.141154466078883e-12,,,,validation,8.609
4162051737660347008,10.427704,10.827987,9.752177,5430.6006,821.8469,412.58765,1.0758095,0.99973345,8.286,0.023,8.299,0.021,8.287,0.023,8.386,0.376,0000,0.0,8.929,0.018,8.471,0.036,8.416,0.027,85.41224618210295,5.770103284258671,True,4558.980326177781,0.1194195663702632,1.7843932306381453e-12,,,,validation,8.299
5287708240119501184,9.913469,10.373566,9.292966,8604.511,3809.1467,5329.2114,1.0805998,0.86732125,7.977,0.024,8.077,0.02,8.03,0.02,7.944,0.151,hh00,0.0,8.575,0.026,8.151,0.04,8.069,0.033,66.84446257221755,5.788141820389757,True,4593.145069563269,0.1656042492943424,2.3247141185948324e-12,,,,validation,8.077
6450618395546460928,10.192876,10.643,9.581411,3478.1694,1243.2107,1701.0786,1.0615883,0.8793832,8.321,0.023,8.375,0.019,8.303,0.021,8.105,0.239,0000,1.0,8.886,0.02,8.457,0.031,8.385,0.034,75.32635508011681,5.808141234315256,True,4617.909468731336,0.1552409366944116,1.792759465813665e-12,,,,validation,8.375
2892526028497604480,10.487506,10.888922,9.917746,7615.4316,2543.8545,4185.712,0.97117615,0.97405946,8.699,0.022,8.732,0.019,8.71,0.023,8.144,0.179,hh00,0.0,9.289,0.027,8.861,0.042,8.766,0.019,85.2987733599662,5.832792070822897,True,4511.164784227926,0.1489228453436819,1.1994090885736654e-12,,,,validation,8.732
5508357580745951488,10.489904,10.949927,9.867773,6858.086,2265.191,3538.2139,1.0821543,2.1106937,8.533,0.023,8.579,0.02,8.479,0.021,8.277,0.213,hh00,0.0,9.179,0.026,8.745,0.053,8.606,0.023,84.37666980438784,5.858792097195362,True,4288.219716333031,0.1599220792802154,1.2232238745744165e-12,,,,validation,8.579
2511412483441853824,10.079254,9.981601,8.888265,480.25192,215.53513,294.9468,1.0933361,4.756699,7.518,0.03,7.601,0.02,7.576,0.017,7.425,0.113,0000,0.0,8.143,0.018,7.743,0.049,7.615,0.026,69.10347175972281,5.881754665573698,True,4487.682810307502,0.1445632200474554,3.444609286389685e-12,,,,validation,7.601
6276249389116942848,10.197171,10.682466,9.556732,4102.458,1260.8645,4677.023,1.1257334,1.2429,8.204,0.023,8.271,0.02,8.21,0.02,8.234,0.217,0000,0.0,8.8,0.026,8.358,0.046,8.271,0.027,72.28523179034536,5.9019231101453045,True,4483.019336759954,0.1703833534426142,1.8230395222591863e-12,,,,validation,8.271
5608437156332890752,9.779561,10.220991,9.171016,6856.0044,2022.2095,3148.6265,1.0499754,0.9829533,7.871,0.025,7.947,0.02,7.887,0.019,7.696,0.171,0000,0.0,8.495,0.021,8.069,0.042,7.94,0.023,58.90966569720032,5.928628209038854,True,4365.538261912675,0.1634058248977513,2.3697325028427008e-12,,,,validation,7.947
3603511891018552320,9.589119,10.095184,8.927875,5227.318,2535.9846,4172.9546,1.1673098,1.0847124,7.486,0.032,7.599,0.02,7.551,0.017,7.544,0.136,0000,0.0,8.18,0.021,7.695,0.018,7.617,0.016,53.44635272871936,5.949528632242064,True,4330.78495033713,0.1615268450096556,3.3926555420042574e-12,,,,validation,7.599
6071528123716120192,10.80684,11.308808,10.150771,5138.5737,1589.9066,2433.2373,1.1580372,0.91088074,8.767,0.023,8.842,0.02,8.773,0.023,8.839,0.316,0h00,0.0,9.401,0.022,8.949,0.025,8.824,0.022,92.77390000790548,5.969710931235365,True,4271.459109294755,0.172821907044988,1.0157695606401173e-12,,,,validation,8.842
6169960390335077760,10.59621,11.111559,9.930182,855.11804,231.17577,330.17953,1.1813765,0.9431252,8.528,0.022,8.595,0.02,8.538,0.024,8.423,0.244,0000,0.0,9.138,0.027,8.677,0.023,8.576,0.022,83.3432440270992,5.991857996016639,True,4335.094699081931,0.1748463325823765,1.3180075013678937e-12,,,,validation,8.595
1302458972932203648,10.998262,11.482142,10.353522,6308.39,2660.708,4640.3223,1.1286201,1.138088,8.998,0.022,9.06,0.02,9.016,0.029,8.668,0.364,0000,0.0,9.58,0.02,9.141,0.024,9.042,0.016,99.365316608444,6.012087896629698,True,4441.543988986755,0.1658869703967483,9.23893117401341e-13,,,,validation,9.06
6088419714671612032,9.83895,10.302345,9.215102,3157.9211,1761.8372,2396.4033,1.0872431,0.98249,7.887,0.026,7.963,0.021,7.905,0.019,7.84,0.14,0000,0.0,8.454,0.035,8.036,0.046,7.931,0.018,57.60441088161532,6.036671302658021,True,4511.164784227921,0.169128158730003,2.5521287968983805e-12,,,,validation,7.963
2486522770004435968,9.63381,10.138127,8.972791,5067.9297,1679.69,2855.7087,1.1653366,1.0000461,7.537,0.03,7.64,0.02,7.587,0.018,7.564,0.12,0000,0.0,8.202,0.021,7.8,0.051,7.602,0.031,51.88816239890953,6.058468547098197,True,4177.905319761602,0.1802220710048247,2.8420161232905014e-12,,,,validation,7.64
4697719921378999936,10.95063,11.465039,10.283525,7601.7427,1341.2924,2694.4963,1.1815138,0.9837543,8.865,0.022,8.932,0.02,8.832,0.025,8.827,0.298,0000,0.0,9.536,0.024,9.019,0.022,8.93,0.021,94.01060517243532,6.08474575816777,True,4154.26081492704,0.1841461708384485,8.83225280500082e-13,,,,validation,8.932
6458154585681644416,10.13613,10.629699,9.486481,2337.219,1016.3303,1357.9453,1.143218,1.0136613,8.111,0.022,8.172,0.02,8.11,0.021,7.93,0.194,hh00,0.0,8.745,0.027,8.268,0.036,8.213,0.031,63.88815610922427,6.109028229799854,True,4469.0968039478,0.1613043224746578,1.9585919605530147e-12,,,,validation,8.172
151148699534856960,10.423338,10.887122,9.725489,2896.1868,1687.49,1479.2666,1.1616335,1.832793,8.209,0.023,8.229,0.019,8.196,0.025,7.69,0.188,hh00,0.0,8.9,0.021,8.394,0.018,8.312,0.021,72.1074456032217,6.133437444957455,True,4226.126828946488,0.1477819280397713,1.687725579125238e-12,,,,validation,8.229
1912109961188455296,9.068949,9.560388,8.415012,9846.472,2951.355,6328.3286,1.1453753,0.88333136,6.937,0.052,7.063,0.02,7.036,0.016,7.003,0.086,0000,0.0,7.628,0.02,7.153,0.024,7.062,0.017,38.19375439362722,6.158987244884656,True,4317.914417200506,0.1653020106489642,5.479029472255837e-12,,,,validation,7.063
732556292090753024,10.179805,10.688951,9.518582,1906.1132,448.3067,753.9126,1.1703682,5.3597646,8.1,0.023,8.158,0.02,8.093,0.02,7.774,0.195,0000,0.0,8.7,0.027,8.262,0.02,8.144,0.017,62.9681879908249,6.184199020142742,True,4361.159269412118,0.1662075262274934,2.0295696961847975e-12,,,,validation,8.158
6480733709791551616,10.75662,11.236056,10.113067,8607.781,3008.9934,3992.536,1.1229897,0.9203266,8.731,0.023,8.792,0.02,8.72,0.028,8.633,0.395,hhd0,0.0,9.381,0.022,8.952,0.025,8.812,0.023,81.03777299522388,6.213182511805936,True,4305.130661294218,0.1516552259892465,1.0542454969334392e-12,,,,validation,8.792
4816839499304416512,9.669533,10.142829,9.030347,7428.3696,2988.958,5158.9966,1.1124821,1.035414,7.634,0.031,7.691,0.02,7.645,0.018,7.543,0.111,0000,0.0,8.272,0.039,7.774,0.044,7.714,0.029,48.42841105360133,6.244031900067071,True,4352.4316404885385,0.1877418829647154,2.825095124078029e-12,,,,validation,7.691
5918867011546412288,9.757415,10.205654,9.138291,7244.5923,2308.128,3589.2678,1.0673628,0.8747442,7.769,0.028,7.823,0.02,7.788,0.019,7.753,0.155,0000,0.0,8.412,0.026,7.904,0.033,7.843,0.027,49.819149102989,6.270433471816947,True,4305.1306612942135,0.1783071373715813,2.528306182460423e-12,,,,validation,7.823
1973163814660509440,10.979485,11.512065,10.296202,3491.8577,982.38885,1580.36,1.2158632,1.0051733,8.832,0.023,8.901,0.02,8.82,0.026,8.384,0.274,0,0.0,9.469,0.026,9.034,0.033,8.923,0.022,86.23522858421248,6.301061405549785,True,4405.403532018648,0.1527745650004462,9.904638033107134e-13,0.2366510534464687,False,121.0,template,8.901
654311849203736576,9.364441,9.883054,8.683048,6822.438,2828.386,2672.5146,1.2000055,5.006886,7.112,0.039,7.187,0.02,7.147,0.017,6.945,0.112,0000,0.0,7.824,0.02,7.371,0.038,7.23,0.024,40.45853886547973,6.32939002776153,True,4201.857831266561,0.1510896689231731,4.29068025561393e-12,,,,validation,7.187
3764973936606883840,10.087496,10.437118,9.054608,881.72864,359.33707,424.3735,1.3825092,3.8488185,7.288,0.032,7.437,0.02,7.365,0.017,7.174,0.108,0000,0.0,8.117,0.019,7.595,0.029,7.44,0.02,55.72105353940615,6.357399403987586,True,3895.8890497019456,0.1848242421419591,3.048771754892094e-12,,,,validation,7.437
2701217430533792128,10.617137,11.092681,9.977029,368.06906,105.05929,152.615,1.1156521,19.694433,8.551,0.023,8.584,0.02,8.476,0.026,8.517,0.358,0000,0.0,9.234,0.023,8.76,0.042,8.606,0.025,69.94858946608109,6.393242193800294,True,4070.1077336093663,0.1768625398568198,1.0893158971969257e-12,,,,validation,8.584
5727071368590554240,10.69424,11.227551,9.909285,454.45734,2055.325,2836.3008,1.3182669,20.013664,8.255,0.023,8.288,0.02,8.23,0.022,8.255,0.29,0000,0.0,8.972,0.026,8.485,0.061,8.362,0.023,71.62393436719437,6.418949132410027,True,4138.666459595707,0.1583492135407408,1.4401531540461977e-12,,,,validation,8.288
6492524941207993856,11.363248,11.9063225,10.674636,2596.6743,931.85944,1217.7183,1.2316866,0.99272716,9.189,0.023,9.254,0.02,9.104,0.032,8.619,0.383,0,0.0,9.89,0.023,9.391,0.027,9.244,0.023,95.9722292099357,6.452520087180993,True,4004.0805142821896,0.189722339435324,5.93798812341863e-13,0.2607615918132371,False,124.0,template,9.254
1451089339866115072,10.431325,11.033209,9.690672,6596.9907,2281.5828,3575.9624,1.3425369,13.378512,8.034,0.023,8.087,0.02,8.018,0.019,7.932,0.157,0000,0.0,8.764,0.021,8.224,0.016,8.099,0.015,61.65201064322685,6.481588776442674,True,3936.972814035864,0.1935525763723705,1.770201472329266e-12,,,,validation,8.087
502199466383739520,11.386521,11.989144,10.654405,4322.2397,2304.8677,3780.4065,1.3347397,1.0295073,9.043,0.023,9.135,0.021,9.103,0.034,8.593,0.366,hh00,0.0,9.76,0.023,9.226,0.019,9.12,0.019,94.0681897681204,6.519307066910553,True,4025.81770887968,0.1946087763682958,7.094955096990103e-13,,,,validation,9.135
2079490540438647168,11.458784,11.9671,10.792497,4683.1206,1555.7467,3484.5737,1.1746035,0.92485017,9.311,0.023,9.374,0.019,9.314,0.033,9.055,0.491,dd00,0.0,9.986,0.024,9.471,0.018,9.382,0.015,95.8007705393054,6.5519389890737365,True,4162.108353786243,0.1796376983414777,6.018278983658641e-13,,,,validation,9.374
9877806305711744,9.915004,10.491504,9.198335,3209.5303,817.63477,1274.1428,1.293169,0.90368533,7.632,0.028,7.698,0.02,7.637,0.019,7.401,0.13,0000,0.0,8.345,0.027,7.858,0.046,7.705,0.02,46.08009765362212,6.5974370461030105,True,4025.817708879679,0.182761552644708,2.452274354687872e-12,,,,validation,7.698
6352347550948284416,9.317504,9.90007,8.555667,4059.6917,970.3072,478.5912,1.3444033,1.2000705,6.868,0.063,6.85646866747471,0.021,6.842,0.016,6.71,0.061,0000,0.0,7.608,0.019,7.091,0.034,6.917,0.018,34.31849959015181,6.63986253913442,True,3849.169971108987,0.1822595651168522,4.867967055411989e-12,,,,validation,6.882
3263853782623291008,11.526753,12.094778,10.802774,643.6564,187.9086,264.33124,1.2920036,1.4016212,9.184,0.022,9.221,0.02,9.027,0.031,8.76,0.504,h000,0.0,9.888,0.022,9.355,0.022,9.235,0.021,92.98647003322156,6.684654193648793,True,3979.055662777455,0.1884763642192524,6.07878510756569e-13,,,,validation,9.221
1904311949847425152,10.7334175,11.4530945,9.90617,5829.285,1857.7797,3262.4521,1.5469246,6.1243005,8.049,0.023,8.075,0.02,7.991,0.02,7.931,0.166,hh00,0.0,8.882,0.018,8.284,0.018,8.132,0.02,62.811020461348846,6.7432382537937805,True,3665.465032749919,0.1964388768913821,1.4747185362564177e-12,,,,validation,8.075
1188311317867057536,10.642104,11.42027,9.713764,1759.7914,351.86813,183.67776,1.7065058,31.96193,7.501,0.031,7.563,0.02,7.504,0.017,7.399,0.101,0000,0.0,8.498,0.018,7.866,0.044,7.666,0.017,58.616325480908905,6.802011049701417,True,3440.643967787761,0.1881131180125562,1.966820608706272e-12,,,,validation,7.563
4024512758694334336,11.500491,12.190394,10.685379,2408.6682,1467.6906,1734.0327,1.5050154,5.884134,8.833,0.023,8.85,0.02,8.733,0.026,8.53,0.304,0000,0.0,9.632,0.018,9.059,0.021,8.933,0.018,84.80665943174307,6.858341217436795,True,3823.04028593018,0.1742803371441454,7.679809545495864e-13,,,,validation,8.85
1993063703812744320,11.909474,12.602263,11.10001,6094.3545,1918.4186,3310.6807,1.5022535,2.0544443,9.241,0.022,9.298,0.019,9.212,0.03,8.521,0.253,0000,0.0,10.1,0.022,9.519,0.026,9.364,0.022,98.8012122616591,6.93566263357404,True,3707.238964386722,0.1855657226915896,4.65377197817798e-13,,,,validation,9.298
2917737001190953600,11.872223,12.6890745,10.922169,3967.8633,1829.5323,1581.2178,1.7669058,24.23058,8.851,0.023,8.819,0.02,8.717,0.025,8.723,0.332,ddd0,0.0,9.753,0.024,9.118,0.021,8.981,0.023,93.50220042591278,7.018113842878748,True,3601.930485851854,0.1677278688002574,6.548672786923908e-13,,,,validation,8.819
4933678690113313024,11.48112,12.142597,10.699876,4986.7554,2345.8286,3286.9424,1.4427214,0.9899208,8.894,0.022,8.952,0.019,8.866,0.029,8.684,0.391,0000,0.0,9.775,0.028,9.178,0.028,9.022,0.023,74.5741917007546,7.118177225988028,True,3656.652131092624,0.1934062841138294,6.105674002203342e-13,,,,validation,8.952
4218536153945639552,12.0690155,12.792699,11.247267,3695.0625,974.2467,1930.6362,1.5454321,0.9961751,9.411,0.023,9.473,0.02,9.408,0.04,9.155,0.536,0000,0.0,10.233,0.024,9.626,0.024,9.522,0.021,92.50494549115662,7.2381907421369505,True,3784.59117782027,0.1949196923962246,4.256499513323977e-13,,,,validation,9.473
4538450954819424384,10.972699,11.691493,10.152603,3808.802,1406.0137,1705.3009,1.5388899,0.9610298,8.303,0.023,8.342,0.02,8.255,0.019,8.063,0.165,hh00,0.0,9.121,0.024,8.551,0.04,8.378,0.016,52.86710774861811,7.3567712415411,True,3686.218221836767,0.1976102614120633,1.128529928638307e-12,,,,validation,8.342
2431240115634106112,11.72954,12.653195,10.772541,202.68718,55.410294,84.10569,1.8806543,1.1201191,8.528,0.022,8.472,0.02,8.369,0.023,8.269,0.318,0,0.0,9.552,0.023,8.877,0.063,8.659,0.024,71.382605347387,7.461578025293171,True,3292.494338430948,0.1923817799099197,6.961593714234777e-13,0.3386475339197989,False,144.0,template,8.472
1082429104027040000,11.544192,12.431552,10.614083,4178.594,1421.4795,2712.1404,1.8174686,3.8644853,8.338,0.019,8.358,0.017,8.363,0.021,7.709,0.193,hh00,1.0,9.465,0.02,8.855,0.021,8.667,0.014,62.64775660887952,7.5596643815158515,True,3529.979773778516,0.1011374819200014,8.859420790631023e-13,,,,validation,8.358
790733994939876864,11.974867,12.759576,11.110678,3543.1929,1338.272,2312.8445,1.6488981,1.2704761,9.177,0.023,9.2,0.02,9.077,0.026,8.791,0.331,0000,0.0,10.052,0.024,9.482,0.036,9.271,0.022,72.85739869789715,7.662498694383274,True,3576.6509927212724,0.1918241016041975,4.60115987487922e-13,,,,validation,9.2
4301555058580332288,12.669644,13.411962,11.77256,5136.4473,171.61012,239.20184,1.6394014,11.772923,9.053,0.023,9.075,0.02,9.015,0.029,8.915,0.39,0000,0.0,10.133,0.039,9.539,0.051,9.239,0.027,96.80922946025,7.740060182849433,True,3290.1849849042114,0.1850652594217896,3.968136987502014e-13,,,,validation,9.075
5159457935381888128,12.65519,13.51944,11.742876,2644.266,891.92633,1253.5546,1.7765636,1.1984631,9.685,0.023,9.741,0.02,9.615,0.039,9.092,0.385,0000,1.0,10.614,0.023,9.99,0.022,9.808,0.023,92.7589651279251,7.818410526223435,True,3508.489975699497,0.1998667106861146,2.806343308874602e-13,,,,validation,9.741
796454169822979584,12.833626,13.708846,11.907734,4051.0994,1504.3103,2391.0718,1.8011122,3.5294614,9.838,0.023,9.802,0.02,9.691,0.056,8.916,0.523,0000,0.0,10.749,0.022,10.121,0.02,9.945,0.018,97.5755451148775,7.88692106906667,True,3513.8345727399624,0.1774904142968773,2.5668505427564904e-13,,,,validation,9.802
3095687185711709184,12.334374,13.138581,11.457784,6225.0947,1453.8236,2808.6726,1.6807976,1.0742536,9.483,0.022,9.48,0.02,9.353,0.04,8.756,0.449,hh00,0.0,10.389,0.024,9.774,0.023,9.588,0.021,75.44424038208405,7.946243549207168,True,3521.8861382325,0.1859495557107075,3.470368252939576e-13,,,,validation,9.48
1174045017057909504,12.467871,13.496862,11.451992,498.73856,122.14227,212.35722,2.0448704,1.4989396,9.033,0.021,9.021,0.019,8.937,0.025,8.803,0.362,0000,0.0,10.124,0.024,9.448,0.022,9.237,0.021,78.14628838453547,8.003329221454592,True,3306.4275246500424,0.1623590964232646,4.394346442966816e-13,,,,validation,9.021
874221699541703552,12.635459,13.700645,11.604461,3213.1194,789.30066,1079.8511,2.0961847,2.2849426,9.339,0.023,9.272,0.02,9.157,0.038,8.8,0.44,0000,0.0,10.287,0.022,9.666,0.021,9.453,0.018,82.18680274313753,8.061448571422517,True,3435.5469638098634,0.1658045854806382,3.861353077710651e-13,,,,validation,9.272
1263023923249011456,12.671763,13.597018,11.721462,4634.0635,1597.3667,1945.4648,1.875556,1.222081,9.606,0.023,9.614,0.02,9.497,0.035,9.098,0.41,0000,0.0,10.517,0.021,9.884,0.022,9.701,0.017,81.95922878734136,8.10377368418595,True,3482.039966342632,0.1990351046874509,3.10539934280707e-13,,,,validation,9.614
2004375032776556416,12.681242,13.742359,11.632929,1731.6221,1279.0043,2638.186,2.1094303,22.019262,9.333,0.022,9.292,0.019,9.153,0.027,9.213,0.479,0000,0.0,10.314,0.023,9.68,0.03,9.45,0.022,80.52364487284532,8.151624875801065,True,3361.0935424793743,0.1833357213160576,3.538555519300029e-13,,,,validation,9.292
5609271990596134528,12.33745,13.333212,11.264797,3171.016,703.19946,654.8335,2.0684147,1.4756263,8.917,0.023,8.88,0.02,8.794,0.029,8.66,0.345,0000,1.0,9.907,0.026,9.276,0.024,9.039,0.024,67.4584422446522,8.192268458956946,True,3351.440247508235,0.1794540653316425,5.203265142267838e-13,,,,validation,8.88
5987608379774691328,10.448531,11.37724,9.498022,4409.4453,1480.0979,1978.7615,1.8792181,0.8935136,7.358,0.029,7.345,0.019,7.262,0.017,7.074,0.102,0000,0.0,8.299,0.023,7.675,0.055,7.495,0.018,27.66483711437204,8.238890412453852,True,3513.8345727399687,0.1753908344461472,2.353937387623777e-12,,,,validation,7.345
4863698210979363456,12.377234,13.398336,11.356098,2070.624,1469.64,2437.6284,2.0422382,16.289404,9.148,0.022,9.054,0.02,8.943,0.022,9.086,0.407,hh00,0.0,10.121,0.027,9.52,0.027,9.313,0.021,66.10685517147182,8.2760015128007,True,3503.162901323802,0.1290249878419704,4.555744596803764e-13,,,,validation,9.054
6598898499306730624,12.361332,13.388754,11.352207,2755.3887,1122.6687,1831.1996,2.0365467,1.3205925,9.122,0.023,9.119,0.019,9.025,0.03,8.636,0.348,0000,0.0,10.084,0.024,9.435,0.025,9.24,0.023,64.6673985686515,8.307905047205338,True,3410.318554900457,0.1949675039448537,4.435222247349504e-13,,,,validation,9.119
5792593461218012672,12.381031,13.418789,11.370367,4872.3296,1197.5339,2308.5012,2.0484219,1.0750664,9.102,0.023,9.108,0.02,8.956,0.027,8.955,0.41,0000,0.0,10.125,0.026,9.406,0.025,9.263,0.021,64.09910694105687,8.346771106171346,True,3365.944440667008,0.1969695046555868,4.3719168404160793e-13,,,,validation,9.108
4892690683336506624,12.285539,13.306788,11.282127,4733.939,1236.5559,1961.9277,2.024661,1.152937,9.049,0.022,9.049,0.021,8.916,0.028,8.414,0.287,0000,0.0,9.993,0.026,9.407,0.027,9.165,0.019,60.34104914962673,8.38247471509315,True,3450.888118414564,0.1784627341709815,4.892610361627085e-13,,,,validation,9.049
3397376825433540608,11.530144,12.538704,10.522779,1937.6686,1308.9633,2394.691,2.0159245,1.8733869,8.296,0.023,8.272,0.02,8.176,0.024,7.796,0.179,0000,0.0,9.278,0.021,8.622,0.017,8.427,0.016,42.05185077748224,8.411218426826238,True,3392.9053184408926,0.1837005024897858,9.939547131619577e-13,,,,validation,8.272
3670206685811347840,12.714062,13.887042,11.64157,2468.2473,809.62213,1338.1064,2.245472,1.1860424,9.27,0.023,9.19,0.02,9.098,0.03,8.604,0.273,0000,0.0,10.268,0.026,9.605,0.023,9.431,0.023,71.54586216423304,8.44113939241447,True,3427.934540449967,0.1525769179777676,3.954423727375394e-13,,,,validation,9.19
768684934213666432,12.53646,13.562816,11.532738,3744.7178,1117.9353,2334.01,2.030078,1.1729822,9.297,0.022,9.275,0.02,9.185,0.031,8.424,0.277,0000,0.0,10.258,0.022,9.624,0.022,9.405,0.018,64.78482074310125,8.479093692849439,True,3387.9675142207893,0.1875318365216632,3.8650686973146474e-13,,,,validation,9.275
6222132320152241152,12.201671,13.179396,11.217204,2628.6729,1170.8446,2359.3208,1.9621916,1.1331216,9.042,0.024,8.989,0.02,8.866,0.029,8.384,0.236,0000,0.0,9.985,0.023,9.35,0.024,9.152,0.021,54.77337041596175,8.508823672203086,True,3438.093203183128,0.1757101645216812,5.012054025862737e-13,,,,validation,8.989
2311786114375020160,11.973219,12.967948,10.986876,2373.1892,944.0361,2038.2247,1.9810724,1.2346867,8.788,0.023,8.757,0.02,8.647,0.026,8.261,0.235,0000,0.0,9.786,0.024,9.157,0.024,8.939,0.021,48.64174922533233,8.538173078087617,True,3402.8306509164136,0.1641420593325547,6.00833205235941e-13,,,,validation,8.757
802074151711399936,12.206127,13.296471,11.167346,2637.9402,1244.2216,1956.3691,2.1291246,1.8077075,8.824,0.023,8.803,0.019,8.691,0.025,8.583,0.381,0000,0.0,9.804,0.022,9.168,0.021,8.954,0.013,53.243955727178886,8.574775431776906,True,3395.381030838932,0.1786583069869108,6.028174179451364e-13,,,,validation,8.803
6143992296510398208,11.285151,12.325744,10.26388,3383.902,1637.1842,3480.4705,2.061864,1.3799388,7.911,0.032,7.815,0.03,7.83,0.025,7.759,0.129,0000,1.0,8.851,0.023,8.262,0.023,8.058,0.021,34.39317134223087,8.60278988347645,True,3543.563158811653,0.134343163718481,1.5507149128233884e-12,,,,validation,7.815
6010508698689256064,13.50035,15.023532,12.290063,1178.6068,204.50354,535.2452,2.733469,1.3083636,9.588,0.023,9.409,0.02,9.305,0.044,8.737,0.437,0000,0.0,10.541,0.023,9.923,0.027,9.662,0.023,94.1467472999174,8.631323399696992,True,3325.212875651117,0.1591482873110249,2.9160256497135895e-13,,,,validation,9.409
3635665837262472960,13.645552,14.8243,12.53318,969.2817,602.4513,1355.71,2.2911196,12.981746,10.12,0.023,10.025,0.02,9.917,0.047,9.017,0.482,0000,0.0,11.092,0.027,10.481,0.024,10.244,0.019,99.32360897089652,8.660289542663985,True,3400.3435681227525,0.1523064165810058,1.8073125029344211e-13,,,,validation,10.025
5670887900662045696,12.470793,13.532274,11.448643,2952.8853,795.20856,1353.4757,2.0836315,1.4153205,9.196,0.023,9.144,0.02,9.033,0.03,8.971,0.505,0000,0.0,10.144,0.023,9.523,0.022,9.337,0.021,56.99184715961009,8.691729334517976,True,3505.824257155828,0.1556910416222161,4.471337526710717e-13,,,,validation,9.144
5282078981103235200,13.619821,14.985434,12.46566,612.5246,139.76768,270.16757,2.5197735,1.1515726,9.879,0.023,9.75,0.02,9.658,0.031,9.626,0.539,hh00,1.0,10.841,0.024,10.209,0.022,9.98,0.023,95.46694243255432,8.720555932893191,True,3368.37538597609,0.1596418132267281,2.266106559709165e-13,,,,validation,9.75
2049609864542673280,12.162229,13.149245,11.180214,4306.5127,1289.1145,2510.2708,1.9690313,1.0314783,9.002,0.022,8.941,0.02,8.802,0.025,8.327,0.262,0000,0.0,9.951,0.022,9.326,0.028,9.128,0.024,48.17225725850364,8.748244015060155,True,3463.791082888152,0.1648418264821042,5.155395427311487e-13,,,,validation,8.941
4757099218646861824,13.644975,14.716733,12.61769,3195.0098,826.8422,1814.8341,2.099043,1.0384687,10.323,0.023,10.271,0.02,10.19,0.033,9.864,0.449,0000,0.0,11.305,0.022,10.629,0.025,10.452,0.023,94.01105389692805,8.779080393480427,True,3387.9675142207925,0.1803583655504148,1.4770473179096297e-13,,,,validation,10.271
4779785132814476288,13.33055,14.402655,12.301004,3268.5515,948.59314,2054.9055,2.1016502,1.0731862,10.05,0.023,9.983,0.02,9.842,0.033,9.314,0.332,0000,0.0,11.012,0.021,10.385,0.023,10.176,0.022,80.38540802264276,8.804663897451377,True,3430.46809662094,0.1621550785114422,1.963751764256023e-13,,,,validation,9.983
3548746866107741568,12.157281,12.601141,10.474698,1952.9114,152.12277,215.30313,2.126443,1.7022197,8.125,0.023,8.07,0.02,7.983,0.02,7.903,0.196,0000,0.0,9.169,0.027,8.489,0.038,8.313,0.023,46.1414749077125,8.836823637063002,True,3380.589880219913,0.1616361823887339,1.049958650737254e-12,,,,validation,8.07
1530550392371570688,12.864594,13.975544,11.813593,1912.1062,417.39328,730.849,2.161951,1.2810025,9.475,0.024,9.403,0.02,9.281,0.034,8.484,0.279,0000,0.0,10.408,0.018,9.797,0.016,9.586,0.018,63.04879574201363,8.866210021076466,True,3466.3850665836435,0.1654932449260223,3.5711790403567163e-13,,,,validation,9.403
1178287203500006656,11.813964,12.850533,10.805788,3486.5156,694.6996,1439.6375,2.0447445,1.741222,8.568,0.023,8.492,0.02,8.403,0.023,8.233,0.204,0000,0.0,9.532,0.023,8.937,0.023,8.673,0.022,38.33779506843756,8.895828342155074,True,3373.249154789217,0.164628141170418,7.44926607290568e-13,,,,validation,8.492
3615471382072977792,12.266589,13.420402,11.192274,2228.9075,681.35474,1183.342,2.2281275,7.314685,8.87,0.023,8.752,0.019,8.63,0.023,8.364,0.263,0000,0.0,9.85,0.023,9.219,0.021,8.998,0.023,46.487677692737776,8.929899742995133,True,3390.4342283702017,0.1488899349455697,5.724533745223033e-13,,,,validation,8.752
812274080561057792,11.9003935,13.030167,10.841768,2028.2465,695.577,1186.6873,2.1883984,1.4518161,8.502,0.022,8.433,0.02,8.332,0.023,8.039,0.209,0000,0.0,9.474,0.021,8.856,0.016,8.625,0.014,38.73279110566585,8.959999531966886,True,3397.8604415415243,0.165383500114605,8.339367320408456e-13,,,,validation,8.433
1181472011945052928,10.567341,11.809524,9.458619,1938.9137,549.7366,1301.6007,2.3509045,1.1016349,6.864,0.059,6.877582969428335,0.02,6.836,0.015,6.625,0.06,0000,0.0,7.967,0.02,7.34,0.023,7.115,0.016,20.66868501060021,8.990776766550745,True,3390.4342283702044,0.1448914031453536,3.341250129092663e-12,,,,validation,6.905
3878244726851297152,12.785542,13.598904,11.259786,1935.2703,529.5453,896.18774,2.339118,5.0541086,8.854,0.022,8.71,0.02,8.614,0.025,8.45,0.386,0000,0.0,9.806,0.022,9.212,0.022,9.011,0.025,56.67772628649925,9.01847990230578,True,3538.115405350726,0.1140167531486113,6.264759229811226e-13,,,,validation,8.71
3955439243511146112,13.545765,14.302495,12.014123,885.1727,412.69867,694.6034,2.288372,2.5378625,9.593,0.022,9.508,0.02,9.38,0.038,8.917,0.502,0000,0.0,10.548,0.023,9.993,0.038,9.726,0.02,79.24722911598641,9.05084456988386,True,3466.385066583644,0.1378018126284631,2.969636539327041e-13,,,,validation,9.508
430268522348053632,13.082894,14.238128,12.01352,3666.4412,1427.5403,1950.0352,2.2246075,1.1169895,9.646,0.023,9.566,0.02,9.435,0.031,9.018,0.295,0h00,0.0,10.626,0.026,9.978,0.03,9.788,0.019,63.25749439351663,9.077334071635176,True,3425.404878972971,0.1585784313163809,2.786732932596898e-13,,,,validation,9.566
2846148078281162368,12.588993,13.626715,11.569487,3782.709,1039.6199,2997.7139,2.057228,1.10295,9.405,0.023,9.277,0.02,9.167,0.034,9.117,0.54,0000,0.0,10.29,0.022,9.73,0.021,9.506,0.017,49.69334151098864,9.107501995846572,True,3568.313231906116,0.1347675643843561,3.9838565132790084e-13,,,,validation,9.277
987614539872591872,12.962743,13.7458315,11.404429,626.6311,44.82968,40.757206,2.341402,2.1272447,8.781,0.023,8.689,0.019,8.568,0.023,8.397,0.302,0000,0.0,9.775,0.022,9.149,0.029,8.963,0.024,58.04782066902985,9.143813403243003,True,3492.565566571367,0.1302807087315411,6.278715171441988e-13,,,,validation,8.689
3842303581524862336,11.758321,12.9544325,10.66269,2014.7639,974.3033,1784.4268,2.2917423,1.50793,8.281,0.023,8.189,0.02,8.084,0.021,8.094,0.239,0000,0.0,9.261,0.023,8.614,0.031,8.408,0.023,32.86677031695554,9.174535850817584,True,3387.9675142207925,0.1641898803147544,9.606978007717002e-13,,,,validation,8.189
22367334979683200,13.371797,14.7493725,12.156646,548.5081,199.3804,452.62753,2.5927267,16.951038,9.589,0.023,9.437,0.02,9.285,0.03,8.772,0.393,0000,0.0,10.522,0.023,9.963,0.031,9.72,0.02,68.08834281749986,9.206433179304614,True,3519.1972024089823,0.1166562183480056,3.152370533433744e-13,,,,validation,9.437
4011966648122195712,13.331099,14.602848,12.211576,1277.7921,289.3555,522.7512,2.3912716,1.4880916,9.73,0.024,9.638,0.021,9.48,0.038,8.912,0.423,0000,0.0,10.719,0.018,10.06,0.015,9.849,0.013,65.81137202601383,9.239594274983794,True,3346.637582885432,0.1771809597362859,2.690384948297861e-13,,,,validation,9.638
6905828952611923456,13.366447,14.691616,12.124857,249.01338,543.5683,1257.7887,2.566759,34.462822,9.516,0.023,9.422,0.019,9.295,0.036,8.855,0.511,0000,0.0,10.525,0.023,9.887,0.022,9.64,0.023,65.82535440413749,9.274480969856384,True,3311.101864335098,0.1631556864535853,2.9827364304458335e-13,,,,validation,9.422
1633387817999424512,13.324196,14.537883,12.222515,5712.0903,1929.7804,4463.8564,2.3153677,1.1128546,9.811,0.023,9.71,0.019,9.595,0.025,9.596,0.352,0000,0.0,10.776,0.021,10.153,0.017,9.95,0.022,63.55457519644234,9.308461898952942,True,3456.036578559361,0.1444392155429224,2.5326606610819524e-13,,,,validation,9.71
789672897501895168,13.413097,14.639913,12.312384,3380.338,655.7364,1289.5667,2.327529,1.2229769,9.907,0.022,9.795,0.019,9.673,0.045,9.118,0.532,0000,0.0,10.876,0.024,10.229,0.027,10.02,0.022,65.25853289471614,9.339910470001769,True,3380.5898802199126,0.1649381896768903,2.1660496768003125e-13,,,,validation,9.795
6886454909191109504,13.946661,14.8234625,12.393582,986.1172,70.54467,133.89531,2.4298801,1.1108874,9.825,0.022,9.719,0.019,9.627,0.05,8.883,0.534,0000,0.0,10.861,0.027,10.227,0.029,10.062,0.021,82.00393424875432,9.37748755628038,True,3527.277405907349,0.1045388385119627,2.396585327190814e-13,,,,validation,9.719
5173999736868992512,11.053944,12.150115,10.005981,2350.93,518.10223,1259.3224,2.1441336,1.4009753,7.776,0.028,7.652,0.019,7.576,0.017,7.46,0.117,0000,1.0,8.693,0.023,8.103,0.047,7.922,0.026,21.325564660013328,9.409441303620175,True,3604.764295342588,0.1287012903225364,1.708787023961005e-12,,,,validation,7.652
4406031886099957632,12.789852,14.031413,11.682428,2808.0415,837.42285,2260.6653,2.3489847,1.3211535,9.089,0.175,9.143,0.02,9.013,0.031,8.71,0.422,0000,1.0,10.22,0.023,9.595,0.022,9.352,0.019,46.78339026219174,9.439393546365473,True,3351.440247508235,0.1458324583450382,4.126653987216869e-13,,,,validation,9.143
562218812549381888,12.308356,13.631555,11.170665,2564.6707,814.937,1565.9235,2.4608898,1.4984958,8.623,0.023,8.538,0.02,8.42,0.021,8.237,0.159,0000,0.0,9.68,0.027,9.019,0.032,8.763,0.021,36.83855312811658,9.476843177502808,True,3238.058152575288,0.1705615987422125,6.314517825320182e-13,,,,validation,8.538
2924309782922016000,12.988341,14.27912,11.865223,1840.5088,373.8337,974.6702,2.4138975,1.1937952,9.395,0.023,9.273,0.02,9.138,0.028,8.665,0.251,0000,0.0,10.352,0.026,9.747,0.022,9.529,0.024,49.569705807873376,9.51225929294614,True,3463.791082888152,0.1360458972585043,3.659655605291633e-13,,,,validation,9.273
4572466438664619264,11.802589,13.136673,10.65691,2728.1924,1269.5099,2110.8901,2.479763,26.296062,8.131,0.024,7.997,0.021,7.893,0.019,7.644,0.143,0000,0.0,9.114,0.021,8.538,0.016,8.268,0.021,28.270703949287512,9.545905886543416,True,3405.322855275475,0.1283132981223344,1.163363903562701e-12,,,,validation,7.997
6724979566416615680,13.469022,14.716866,12.359675,2866.7834,654.761,1080.1534,2.3571901,1.0660374,9.861,0.023,9.75,0.021,9.592,0.047,8.912,0.46,hh00,0.0,10.898,0.022,10.284,0.021,10.069,0.022,59.9747729411836,9.579178937774206,True,3448.32016597488,0.1075354951815626,2.294304149771947e-13,,,,validation,9.75
3861654131475582976,12.146413,13.439596,10.907946,961.27075,39.556385,61.028374,2.5316505,1.3065344,7.707,0.028,7.607,0.02,7.526,0.019,7.402,0.153,0000,0.0,8.879,0.033,8.13,0.042,7.966,0.027,32.10847284108799,9.613314750345754,True,3246.9903108096696,0.1454256144926302,1.3834557094548602e-12,,,,validation,7.607
1072120632760312576,14.406542,15.346006,12.544339,1055.776,195.84933,592.6315,2.8016672,1.9125619,9.81,0.023,9.649,0.02,9.493,0.03,9.029,0.374,0000,0.0,10.855,0.024,10.25,0.033,9.979,0.023,89.38862252815797,9.6501307755777,True,3332.320150209911,0.1162740063420456,2.244640123433304e-13,,,,validation,9.649
2156905882832596480,13.376191,14.643903,11.957863,766.1726,294.0936,533.8575,2.68604,20.242882,9.235,0.024,9.095,0.02,8.971,0.023,8.822,0.202,0000,0.0,10.266,0.022,9.659,0.019,9.383,0.015,54.817387249619,9.681599339979885,True,3315.7901035597165,0.1317397562339402,3.9655484016573773e-13,,,,validation,9.095
4703464251158954240,12.677046,14.106598,11.503058,2247.893,697.03876,1243.3141,2.6035395,1.4002777,8.929,0.023,8.761,0.02,8.639,0.023,8.713,0.39,0000,0.0,9.905,0.023,9.35,0.024,9.085,0.019,38.93605565943736,9.725286229681435,True,3471.585435441216,0.1003324464468713,5.624397128271868e-13,,,,validation,8.761
2005328515516459136,13.183288,14.582794,12.018869,2418.4255,591.29474,1275.5251,2.5639248,1.9772191,9.401,0.022,9.292,0.02,9.119,0.028,8.832,0.338,0h00,0.0,10.403,0.022,9.809,0.028,9.57,0.025,48.2334332471481,9.766547119871802,True,3438.093203183127,0.123328050663684,3.463324798913259e-13,,,,validation,9.292
5716624595081790848,12.613303,14.063869,11.426732,1435.8857,277.2965,645.6502,2.6371374,7.995791,8.809,0.023,8.649,0.021,8.514,0.027,8.373,0.281,0000,0.0,9.764,0.024,9.176,0.024,8.921,0.019,36.46967527775194,9.80364351791263,True,3412.822085395034,0.1334904500652646,6.239088919417185e-13,,,,validation,8.649
5887154931543091456,12.956733,14.398918,11.780348,2562.7576,548.9235,1586.297,2.6185703,1.2165254,9.185,0.023,9.043,0.02,8.824,0.028,9.037,0.522,0h00,0.0,10.184,0.023,9.598,0.026,9.378,0.025,41.88723252892212,9.846324661684172,True,3508.489975699504,0.0975387737282986,4.40900552259799e-13,,,,validation,9.043
5217419897731009536,14.071628,15.255057,12.992552,2663.1477,584.1873,1603.2751,2.2625055,1.1542656,10.631,0.023,10.498,0.019,10.34,0.039,9.736,0.481,d000,0.0,11.594,0.026,10.985,0.022,10.749,0.019,68.80416606641597,9.883554323002794,True,3407.818817400544,0.1432794678525737,1.1491181047413461e-13,,,,validation,10.498
2565529071371410048,11.902033,13.18495,10.774956,1720.454,576.546,1059.497,2.4099941,2.047648,8.361,0.023,8.209,0.02,8.108,0.02,8.069,0.197,0000,0.0,9.34,0.024,8.775,0.046,8.496,0.021,24.87768530375008,9.92298315096988,True,3410.318554900457,0.1230851685211498,9.01555150106602e-13,,,,validation,8.209
5293117047052814592,13.114071,14.355186,12.012349,3020.9387,681.74097,2023.9706,2.3428373,1.1540011,9.601,0.023,9.476,0.019,9.384,0.027,8.986,0.255,dd00,1.0,10.581,0.023,10.007,0.022,9.75,0.019,42.60741540748009,9.96664504787988,True,3443.198704630562,0.1209612652681029,2.969283074759884e-13,,,,validation,9.476
2479453696216295296,11.660093,13.203291,10.445261,1549.7971,425.0,684.92816,2.75803,1.6315837,7.748,0.026,7.589,0.02,7.481,0.017,7.35,0.132,0000,0.0,8.77,0.023,8.174,0.034,7.912,0.018,21.4111621933773,10.00689179326345,True,3375.6924777191234,0.1127455637754185,1.5648905837551009e-12,,,,validation,7.589
6136835437886585088,13.382628,14.746551,12.232751,1648.4165,322.9493,592.2194,2.5137997,1.2479742,9.724,0.022,9.58,0.021,9.411,0.034,9.166,0.425,0000,0.0,10.699,0.023,10.125,0.022,9.892,0.023,46.53159270392318,10.043888409944124,True,3505.824257155825,0.1043041487253239,2.738970071998508e-13,,,,validation,9.58
2135672870194544256,13.556787,15.169912,12.291274,535.7767,228.30539,634.1898,2.8786383,11.25115,9.547,0.023,9.364,0.02,9.219,0.027,9.027,0.339,0000,0.0,10.505,0.021,9.939,0.018,9.704,0.016,49.42291949447694,10.087145018375535,True,3521.8861382324976,0.098176513048942,3.354899167630656e-13,,,,validation,9.364
3926309980739042048,12.425529,13.764286,11.2848215,2188.633,940.352,1604.4517,2.4794645,1.3017577,8.766,0.024,8.628,0.02,8.434,0.026,8.069,0.265,0000,0.0,9.728,0.02,9.167,0.022,8.923,0.017,28.72374452157932,10.134323723427476,True,3511.160074906796,0.1078398893521912,6.729970249814498e-13,,,,validation,8.628
2027709212150159232,12.993243,14.373422,11.827184,1714.0219,1334.1554,2462.5933,2.546238,5.8915625,9.33,0.023,9.153,0.019,9.022,0.041,8.776,0.431,0000,0.0,10.244,0.022,9.73,0.026,9.492,0.021,36.5381934159123,10.179507647930071,True,3659.5844753381225,0.0793190822715313,4.299632406574407e-13,,,,validation,9.153
2073731710855755776,13.538693,14.972233,12.367903,2262.7698,640.3789,1582.7639,2.60433,1.2043943,9.808,0.023,9.655,0.02,9.565,0.038,8.955,0.37,hh00,0.0,10.765,0.023,10.194,0.024,9.996,0.02,45.864194264226576,10.231324158571518,True,3610.446806456423,0.0894651303594078,2.6717533748908213e-13,,,,validation,9.655
1393681260799837184,12.688842,13.933574,11.234962,1197.5093,630.74316,1308.5312,2.6986113,34.721027,8.621,0.023,8.433,0.02,8.281,0.021,7.911,0.139,0000,0.0,9.595,0.02,9.05,0.017,8.778,0.018,30.26954165837256,10.283812775419754,True,3479.4196591784307,0.0935374072970201,7.646685548220551e-13,,,,validation,8.433
357578743476642048,13.355287,14.768757,12.192747,2234.2095,926.05945,1767.703,2.5760098,1.328895,9.609,0.022,9.485,0.02,9.34,0.034,8.997,0.455,0000,0.0,10.607,0.025,10.014,0.032,9.781,0.019,40.28126132662703,10.329771694239383,True,3456.0365785593667,0.1164094147063325,2.899901479585016e-13,,,,validation,9.485
3452063544502142848,13.327613,15.159533,12.043386,1450.6112,216.57333,729.1379,3.116146,1.3722384,9.162,0.022,8.971,0.022,8.804,0.027,8.47,0.357,0,0.0,10.163,0.019,9.591,0.024,9.345,0.025,38.7670008159519,10.385301983030196,True,3476.80355799199,0.0859064000125502,4.5229864944907043e-13,0.1000739989828325,False,201.0,template,8.971
4687511776265158400,11.862555,13.115418,10.717454,2409.7598,191.09993,350.09875,2.3979645,1.6984696,8.276,0.023,8.108,0.019,8.007,0.017,7.759,0.133,0000,0.0,9.281,0.021,8.675,0.026,8.476,0.025,19.27252708415181,10.437861676659097,True,3511.1600749067925,0.0936197377588691,1.0253841893853062e-12,,,,validation,8.108
502780725779792512,12.116898,13.569941,10.935041,3358.653,1240.5382,2118.8875,2.6348991,1.2318757,8.292,0.023,8.163,0.02,8.053,0.02,7.984,0.202,0000,0.0,9.33,0.024,8.713,0.028,8.453,0.02,21.1586968568446,10.489453417898169,True,3329.9477619480645,0.1300579010376579,9.151574574326718e-13,,,,validation,8.163
2776324279552999296,12.992656,14.531172,11.7866745,2659.3853,978.2223,2028.6147,2.7444973,1.4385684,9.184,0.023,8.995,0.019,8.844,0.029,8.681,0.435,0000,0.0,10.164,0.029,9.574,0.033,9.347,0.02,30.72041311937796,10.55552074166294,True,3479.4196591784303,0.1035587257649745,4.4082517239245554e-13,,,,validation,8.995
1396120218108342144,13.222321,14.697495,12.036665,1303.1588,199.86679,548.208,2.6608305,1.1283996,9.444,0.023,9.279,0.02,9.126,0.025,8.91,0.297,0h00,0.0,10.43,0.023,9.86,0.023,9.587,0.022,33.16202521971959,10.61911577376755,True,3412.822085395034,0.1134379742190115,3.394152195474956e-13,,,,validation,9.279
2670213161135101568,13.063598,14.584821,11.8631525,1571.7295,292.55045,711.2524,2.7216682,1.1891364,9.168,0.022,9.026,0.02,8.857,0.03,8.189,0.289,0000,0.0,10.22,0.029,9.613,0.028,9.333,0.024,29.6566820471909,10.702985194589443,True,3306.4275246500456,0.126061971167518,3.9649195773069124e-13,,,,validation,9.026
3398414352095226496,13.806641,14.870439,12.326879,1313.3595,25.420216,41.72085,2.54356,1.1229117,9.275,0.023,9.109,0.02,9.007,0.032,8.797,0.463,0,0.0,10.407,0.031,10.012,0.05,9.628,0.028,40.24124157116364,10.783284141849734,True,3582.2339851200704,0.0468343783501433,3.8902548535095466e-13,0.0470721509452882,False,209.0,template,9.109
4794207289396879488,13.799341,15.4835415,12.550941,1021.46967,193.30556,469.06448,2.9326,1.2396894,9.739,0.023,9.572,0.021,9.4,0.029,8.831,0.304,0000,0.0,10.784,0.024,10.199,0.025,9.89,0.023,38.62157128734433,10.865191306389873,True,3290.184984904206,0.1186311158128835,2.382216472013158e-13,,,,validation,9.572
1406797197568373120,12.942096,14.49456,11.7325945,1965.7278,478.0157,1388.6378,2.7619658,1.3088799,9.092,0.023,8.903,0.02,8.74,0.023,8.547,0.204,0000,0.0,10.108,0.024,9.491,0.028,9.262,0.019,25.001692822281584,10.95224892494258,True,3405.322855275475,0.1071827013220923,4.641407770778935e-13,,,,validation,8.903
2579116591253816832,12.365184,13.41003,10.616213,1382.631,458.862,565.10126,2.7938175,17.589603,7.905,0.023,7.738,0.02,7.629,0.019,7.441,0.135,0000,0.0,8.952,0.023,8.413,0.044,8.089,0.021,18.327132582052947,11.049711391829728,True,3363.517015940869,0.0907033035917993,1.3089834997623909e-12,,,,validation,7.738
2494515807221447424,13.278832,14.883179,12.054417,1819.4382,349.8783,1070.6198,2.828762,1.228202,9.296,0.022,9.129,0.021,8.969,0.03,8.687,0.363,0000,0.0,10.326,0.022,9.761,0.026,9.48,0.025,26.48939030204517,11.1634721880353,True,3405.322855275472,0.0929011185160501,3.76755642218163e-13,,,,validation,9.129
1891850394294860416,13.5539875,15.165355,12.33179,2622.9482,602.50494,2007.0303,2.8335648,1.1463525,9.692,0.022,9.483,0.02,9.321,0.035,9.038,0.504,0,0.0,10.624,0.023,10.089,0.027,9.843,0.021,28.28182994332469,11.29644996720165,True,3576.6509927212724,0.0854946516086557,2.972095931106274e-13,0.0772645184962854,False,219.0,template,9.483
4913369129800393600,14.360388,16.508274,12.981296,839.7884,322.7045,1239.6581,3.5269785,3.6205826,9.805,0.023,9.581,0.02,9.334,0.031,8.812,0.371,0000,0.0,10.871,0.027,10.346,0.023,9.987,0.021,38.75657383132992,11.418661112687804,True,3313.444382598541,0.0777406193040542,2.2467633226276882e-13,,,,validation,9.581
569784212759184512,13.577576,15.27187,12.332243,2416.8684,725.71844,1890.9337,2.9396267,1.1268419,9.524,0.023,9.348,0.02,9.187,0.03,8.901,0.424,hh00,0.0,10.553,0.019,10.001,0.027,9.716,0.025,25.289224703766635,11.562898423471172,True,3427.934540449969,0.0824322019778674,3.0931777530561786e-13,,,,validation,9.348
3713826030072008192,12.840784,14.629989,11.569747,1961.2395,581.7646,1700.1387,3.0602417,1.5518676,8.695,0.023,8.505,0.02,8.332,0.021,8.143,0.186,0000,0.0,9.755,0.023,9.162,0.022,8.882,0.019,16.26628231908932,11.784342471577787,True,3339.461716279539,0.0941940857731775,6.405811536547081e-13,,,,validation,8.505
6864448905520369280,13.595852,15.733622,12.246182,1854.0618,340.01447,1236.7177,3.4874392,6.4761386,9.042,0.023,8.854,0.021,8.662,0.029,8.555,0.536,0000,0.0,10.176,0.023,9.584,0.022,9.237,0.019,20.672340476794087,12.018903753628422,True,3189.90538454258,0.0985061442278894,4.219895901567513e-13,,,,validation,8.854
3143635723866162432,13.14167,15.058582,11.843256,1877.676,389.6303,1393.2661,3.2153263,1.1668386,8.857,0.022,8.687,0.019,8.507,0.024,8.633,0.397,0000,0.0,9.966,0.023,9.404,0.023,9.089,0.021,14.788249267478012,12.292086188324705,True,3329.94776194807,0.07155138560049,5.264182428496906e-13,,,,validation,8.687
89593331327905536,13.445031,15.509317,12.111787,1213.4156,364.20197,1127.4171,3.3975306,1.1300579,8.991,0.022,8.806,0.02,8.638,0.028,8.422,0.414,0,0.0,10.081,0.018,9.52,0.019,9.194,0.018,14.632753156615944,12.618400767789293,True,3306.427524650048,0.0830496683679568,4.745418416443251e-13,0.1387399304565075,False,245.0,template,8.806
6311012064136913920,14.356889,16.5362,13.00904,1268.9437,215.54428,910.3063,3.5271597,1.0412269,9.879,0.023,9.65,0.02,9.479,0.04,9.159,0.509,0,0.0,10.957,0.024,10.417,0.023,10.098,0.019,17.698944716653955,13.117152136382137,True,3373.249154789214,0.0575324932804217,2.1550186628602632e-13,0.1207561273154329,False,254.0,template,9.65
6153267707880611584,15.417848,17.903852,13.905282,429.51407,84.468956,698.9603,3.9985704,5.283891,10.206,0.022,10.009,0.02,9.685,0.037,9.158,0.429,0000,0.0,11.477,0.023,10.825,0.022,10.45,0.019,23.340184044178425,13.577326618690606,True,3012.319001619175,0.0954775153811959,1.262076847036832e-13,,,,validation,10.009
