source_id,phot_g_mean_mag,phot_bp_mean_mag,phot_rp_mean_mag,phot_g_mean_flux_over_error,phot_bp_mean_flux_over_error,phot_rp_mean_flux_over_error,bp_rp,ruwe,w1mpro,w1mpro_error,w2mpro,w2mpro_error,w3mpro,w3mpro_error,w4mpro,w4mpro_error,wise_cc_flags,wise_ext_flag,j_m,j_msigcom,h_m,h_msigcom,ks_m,ks_msigcom,distance_invparallax_pc,M_G_invparallax,heph_cmd_main_sequence,T_colorfit_K,baseline_rms_mag,Fbol_fit_Wm2,mir_resid_proxy,saturation_flag,template_id,_origin
4441362875489608192,9.462636,9.7538805,9.003555,4455.2993,1815.5579,2505.2805,0.7503252,5.4403915,8.146,0.022,8.176,0.02,8.166,0.022,8.09,0.224,h000,0.0,8.529,0.024,8.265,0.067,8.179,0.038,99.89819446801536,4.464847805099513,True,5543.8638891092605,0.1122752133832736,3.248356057250154e-12,,,,validation
1607164362593977472,9.531792,9.837403,9.059171,1679.7325,553.4368,838.8858,0.7782326,0.9217122,8.167,0.023,8.206,0.02,8.166,0.019,7.898,0.163,0,0.0,8.564,0.03,8.33,0.033,8.259,0.033,98.34596356994896,4.568009301004441,True,5909.5968541977645,0.0728633836155992,3.679273439296019e-12,0.0897626503854311,False,87.0,template
1552365046663591552,9.651159,9.984473,9.152389,2776.9136,824.37305,1231.7029,0.83208466,0.9379101,8.208,0.023,8.233,0.02,8.207,0.019,7.911,0.151,0,0.0,8.597,0.02,8.358,0.031,8.272,0.026,97.1126175320217,4.714780699660011,True,5740.462806252101,0.0783750263344932,3.388921331968476e-12,0.1327369058504022,False,90.0,template
1260178387155799808,9.709737,10.024088,9.219679,7084.0806,4254.558,5699.724,0.804409,1.7760934,8.23,0.023,8.246,0.02,8.206,0.02,8.131,0.202,0000,0.0,8.65,0.021,8.387,0.023,8.283,0.017,96.64903968493176,4.783749284049206,True,5418.670929218119,0.0882385248880855,2.951590904542899e-12,,,,validation
1410031754619015168,9.5796795,9.875577,9.112923,6971.679,2371.5078,4664.3022,0.7626543,0.9803546,8.2,0.023,8.235,0.021,8.214,0.018,8.135,0.131,0000,0.0,8.585,0.027,8.279,0.018,8.251,0.012,89.01877360516328,4.8322714660268105,True,5667.8810833290345,0.1041944670264353,3.4676093524149122e-12,,,,validation
4827187346831383808,9.720111,10.086133,9.18535,7355.6694,2987.688,5026.616,0.9007826,1.3857932,8.122,0.023,8.165,0.021,8.108,0.02,7.951,0.201,0,0.0,8.613,0.024,8.286,0.059,8.215,0.023,93.28445001439792,4.87106472316329,True,5206.154722524501,0.1041129378813849,2.819267492634988e-12,0.1400853198171443,False,93.0,template
156417456177891712,9.671111,10.024053,9.148798,3661.052,1288.9004,1727.4512,0.87525463,0.8142211,8.147,0.022,8.19,0.019,8.153,0.023,7.772,0.209,0000,0.0,8.608,0.019,8.308,0.036,8.19,0.017,89.16502254232329,4.920138381478221,True,5078.799530090017,0.1166078386537773,2.70283161048576e-12,,,,validation
6826901197606522624,9.939104,10.289536,9.4198885,5083.7334,3045.9226,4084.8315,0.869648,0.917411,8.41,0.022,8.457,0.02,8.407,0.025,8.613,0.445,0000,0.0,8.83,0.019,8.533,0.047,8.45,0.025,98.65446036502536,4.968520373238537,True,5327.183681559236,0.1171986149958946,2.3508025985974235e-12,,,,validation
3885085033501424512,9.756786,10.088544,9.256672,3476.4824,1346.6978,2115.7935,0.831872,0.9784929,8.291,0.022,8.337,0.02,8.306,0.022,8.136,0.287,0000,0.0,8.693,0.018,8.384,0.018,8.507,0.019,89.66402339259406,4.993694887132621,True,7211.966159491069,0.0820306109874656,5.3117182729202455e-12,,,,validation
1272222059568726144,10.009346,10.284633,9.378119,3430.9033,1044.8617,504.16776,0.9065132,2.25953,8.19,0.023,8.231,0.02,8.186,0.019,8.034,0.145,0000,0.0,8.711,0.026,8.31,0.023,8.253,0.021,99.13216715901996,5.028272997358357,True,4844.188631032711,0.1347721486051114,2.3302473424175485e-12,,,,validation
3342179932971722752,9.854653,10.211745,9.330536,5718.695,2099.1594,3339.767,0.8812094,1.029729,8.306,0.022,8.363,0.019,8.314,0.025,8.189,0.276,0000,0.0,8.775,0.024,8.484,0.049,8.421,0.024,91.21947718618732,5.054215105981026,True,5513.817022034106,0.0895908136399142,2.6867522040482147e-12,,,,validation
3746358208316995968,9.973069,10.351099,9.416506,5082.6865,5214.8423,4408.9287,0.9345932,1.2058159,8.299,0.023,8.339,0.02,8.31,0.022,8.131,0.221,0000,0.0,8.773,0.023,8.445,0.031,8.339,0.018,95.09065650163592,5.082379771208487,True,4981.902461022248,0.1248888208453323,2.2518132834560333e-12,,,,validation
2987423502700649600,10.098609,10.436908,9.590086,5598.6143,2713.3083,3569.776,0.8468218,0.96565235,8.6,0.023,8.645,0.02,8.625,0.028,8.208,0.291,0000,0.0,9.03,0.021,8.72,0.04,8.654,0.025,99.20289363190388,5.115987299005303,True,5354.957429967969,0.1137645561372405,1.985443903784701e-12,,,,validation
6059543309532526464,10.021724,10.389856,9.487225,3470.1887,992.25195,1344.1215,0.90263176,0.889668,8.421,0.023,8.47,0.02,8.385,0.024,8.21,0.171,0h00,0.0,8.879,0.027,8.59,0.055,8.506,0.021,94.78397620161398,5.138049382688326,True,5376.004527100168,0.0983735452484425,2.3109791331617158e-12,,,,validation
3901013589733733504,9.9217005,10.314439,9.363158,6194.5684,2341.265,3088.7632,0.9512806,0.8811467,8.261,0.022,8.321,0.019,8.302,0.026,8.121,0.286,hh00,0.0,8.748,0.029,8.394,0.046,8.269,0.023,89.67228710776006,5.158409266705856,True,4730.594690281244,0.168735316335289,2.0032945450007416e-12,,,,validation
2880344814049900160,9.811891,10.149094,9.302478,6816.418,3389.0178,4563.733,0.8466158,0.92597026,8.29,0.021,8.341,0.02,8.322,0.024,8.365,0.31,hh00,0.0,8.719,0.027,8.396,0.023,8.338,0.031,84.35830030468148,5.181251896188016,True,5320.29173713186,0.1199442144188676,2.6297845902195186e-12,,,,validation
2760687746738093568,9.774599,10.101178,9.272949,7712.089,3462.6663,6842.0425,0.82822895,1.1450751,8.257,0.023,8.296,0.019,8.281,0.023,8.021,0.238,0000,0.0,8.72,0.034,8.416,0.08,8.319,0.027,82.03147074345121,5.204696509535211,True,5186.588402724906,0.1227251204748953,2.431691735725815e-12,,,,validation
4482910666826976256,9.905123,10.291294,9.345184,5670.1963,3136.8667,1456.918,0.9461098,0.9421547,8.164,0.023,8.21,0.02,8.171,0.021,8.159,0.259,0000,0.0,8.694,0.027,8.345,0.023,8.28,0.023,86.4806329363491,5.220528702595775,True,5103.700394055906,0.0983216903078884,2.607675960950878e-12,,,,validation
1471129279312824448,10.1267,10.48318,9.599166,5313.217,1797.498,2520.6353,0.8840141,1.009964,8.516,0.055,8.527,0.048,8.488,0.04,8.549,0.328,hh00,0.0,9.0,0.022,8.661,0.016,8.594,0.018,94.80480421016291,5.242548271690586,True,5154.347481952604,0.1158028602469437,2.123897417684625e-12,,,,validation
1726507003940803328,10.08239,10.46161,9.534882,2194.4612,1045.6549,1390.8594,0.92672825,2.4528809,8.408,0.022,8.432,0.019,8.386,0.019,8.501,0.23,HH00,0.0,8.915,0.024,8.568,0.023,8.475,0.015,91.71411820605206,5.270209025737733,True,4946.641890735969,0.1116361836687061,2.006447875649948e-12,,,,validation
392261566464865280,10.16638,10.51345,9.648278,6736.796,3632.6948,6307.843,0.86517143,1.071904,8.62,0.023,8.663,0.02,8.609,0.023,8.538,0.236,0000,0.0,9.065,0.021,8.756,0.02,8.645,0.017,94.36733432578554,5.292271563315785,True,5066.452878874474,0.1261874846613813,1.7903510267207353e-12,,,,validation
5751670016387472768,10.150782,10.594304,9.538123,7119.885,2729.9714,4542.763,1.056181,2.650214,8.196,0.023,8.256,0.021,8.19,0.02,8.069,0.216,0000,0.0,8.83,0.021,8.385,0.044,8.259,0.021,92.83633331527574,5.312192104350176,True,4296.6564589832005,0.1646644676660083,1.7213351879944705e-12,,,,validation
5495552324729876224,9.856834,10.269143,9.280926,6183.9214,2339.6863,4274.14,0.98821735,0.9225827,8.115,0.022,8.185,0.019,8.121,0.018,8.099,0.143,0000,0.0,8.626,0.023,8.271,0.038,8.175,0.024,80.41952170222957,5.330026571031251,True,4883.452036259496,0.1406273145137437,2.446155350095316e-12,,,,validation
2298193573677849856,10.02469,10.38361,9.436666,950.71497,1621.6356,2414.6948,0.94694424,6.9910207,8.214,0.023,8.231,0.02,8.174,0.02,8.199,0.172,0000,0.0,8.871,0.065,8.398,0.028,8.299,0.021,85.63011771127579,5.361557294878686,True,4292.43280673656,0.1503368061169186,1.6748002554333456e-12,,,,validation
4733062245185330048,9.991057,10.421454,9.398902,7612.1475,2618.1987,4885.256,1.0225525,0.9324279,8.188,0.023,8.258,0.02,8.201,0.019,8.163,0.159,hh00,0.0,8.745,0.032,8.356,0.042,8.279,0.025,83.80915870850033,5.374599594246032,True,4800.186880023226,0.1410360829910638,2.148509691261224e-12,,,,validation
4206010350002487424,9.914829,10.302666,9.358154,7441.923,2947.79,3933.7131,0.9445114,0.98389256,8.235,0.022,8.298,0.019,8.249,0.024,8.342,0.315,0h00,0.0,8.738,0.023,8.412,0.055,8.271,0.023,80.34147753591277,5.390129927759528,True,4794.751212510503,0.1454603807942238,2.107962168081525e-12,,,,validation
2638203938109324928,9.987875,10.393552,9.417442,4604.6177,1570.2754,2238.5415,0.9761095,0.998797,8.253,0.023,8.313,0.021,8.302,0.026,8.075,0.283,0000,0.0,8.768,0.018,8.434,0.027,8.33,0.021,82.39489760355272,5.408373408215422,True,4958.331841867088,0.1169093478702063,2.291740827308807e-12,,,,validation
2769275104348878464,9.880914,10.249377,9.342264,3965.7468,4053.0593,2339.1611,0.9071131,1.0357723,8.256,0.023,8.301,0.019,8.25,0.026,7.974,0.219,0,0.0,8.709,0.029,8.384,0.024,8.334,0.017,77.83382335822799,5.425072177924628,True,5361.952341559023,0.1039927424678119,2.7511019516877334e-12,0.1632372052947097,False,104.0,template
604809155660283648,9.895671,10.27997,9.33981,10040.799,5527.1045,7501.168,0.9401598,0.9138139,8.206,0.023,8.264,0.021,8.23,0.022,8.354,0.353,0000,0.0,8.665,0.019,8.275,0.023,8.254,0.023,77.1290187110279,5.459581969992566,True,5122.559742688192,0.1397086607465113,2.663851643996174e-12,,,,validation
4931754132448077824,9.915905,10.311923,9.348403,932.56683,274.95773,360.33463,0.96352005,0.9204867,8.152,0.022,8.181,0.02,8.124,0.02,7.905,0.198,0,0.0,8.732,0.026,8.355,0.073,8.264,0.031,77.10404683927455,5.480519136084826,True,4789.329076564775,0.117203781001064,2.197471618296752e-12,0.1460543231548108,False,105.0,template
3024891594801681536,9.9924965,10.412251,9.409862,1897.3525,459.1343,791.9925,1.0023899,0.8617884,8.24,0.023,8.297,0.02,8.232,0.023,8.143,0.275,0000,0.0,8.775,0.021,8.388,0.053,8.324,0.036,79.16967027355818,5.49970231904733,True,4883.45203625949,0.1373831015720848,2.150553292333845e-12,,,,validation
3134194492397755904,9.840073,10.221443,9.285566,4323.2847,2919.4531,2880.1497,0.93587685,1.1368335,8.128,0.022,8.187,0.02,8.141,0.023,8.172,0.273,hh00,0.0,8.661,0.026,8.272,0.038,8.164,0.024,73.03949200613931,5.522284280031558,True,4637.940781359399,0.1605959596765435,2.1692645462886864e-12,,,,validation
2430898682913910656,10.355557,10.793932,9.752581,3635.3496,1356.9303,1498.6787,1.0413513,11.248017,8.444,0.022,8.465,0.02,8.434,0.026,8.397,0.303,0000,0.0,9.037,0.026,8.614,0.051,8.522,0.024,91.81254269415292,5.5410469245622025,True,4549.324912764459,0.1413698825136452,1.5295371870652469e-12,,,,validation
6700905862374462080,10.391326,10.8162155,9.8025675,5455.82,2324.9055,3739.9956,1.013648,1.078122,8.573,0.023,8.634,0.02,8.583,0.031,8.185,0.299,0000,1.0,9.129,0.024,8.73,0.021,8.663,0.021,92.29683070672525,5.565392057720496,True,4800.1868800232205,0.1298147902796323,1.5829996548645498e-12,,,,validation
1961732432782834304,10.474746,10.880849,9.9020605,5999.0967,2955.907,4519.0503,0.9787884,1.1451268,8.735,0.023,8.783,0.02,8.726,0.024,8.44,0.29,0000,0.0,9.27,0.022,8.837,0.025,8.766,0.021,95.09342629729912,5.583993521595012,True,4603.014236668867,0.1631576285427104,1.2714409642569468e-12,,,,validation
5729218886597933696,10.161458,10.535345,9.620097,4935.1763,2535.6511,4168.845,0.9152479,0.8223662,8.511,0.022,8.558,0.02,8.513,0.027,8.319,0.331,0h00,0.0,8.99,0.024,8.616,0.034,8.554,0.019,81.51421096541294,5.605291354714375,True,4970.085595038559,0.138777796259897,1.83027230864793e-12,,,,validation
4718295872743981440,9.809432,10.190096,9.257727,6365.9175,4995.241,7639.5312,0.93236923,0.9532785,8.112,0.022,8.172,0.02,8.132,0.018,8.177,0.237,0000,0.0,8.622,0.019,8.227,0.031,8.174,0.023,68.80876417942171,5.621213210541141,True,4900.502084576782,0.1407067310057148,2.5387572168012632e-12,,,,validation
6551891452346133120,10.290348,10.676385,9.714224,3879.705,1700.5665,844.31213,0.96216106,1.0438542,8.494,0.023,8.537,0.02,8.481,0.023,8.322,0.294,0,0.0,9.05,0.026,8.642,0.044,8.588,0.023,85.21813619451773,5.637687842422011,True,4822.073441704347,0.1319830592556991,1.6646882919637377e-12,0.1803460771058915,False,108.0,template
2802314260532668928,10.374433,10.799568,9.787814,1576.0249,459.28577,696.425,1.011754,0.86808765,8.579,0.023,8.656,0.02,8.57,0.023,8.207,0.281,0000,0.0,9.135,0.021,8.745,0.02,8.63,0.017,87.83952854231613,5.655983019298015,True,4598.074198445959,0.1536584739861476,1.4625098516223852e-12,,,,validation
1694205963656109056,10.548435,10.979033,9.957288,2080.9275,769.7618,1236.7158,1.0217457,1.0942152,8.752,0.023,8.792,0.019,8.735,0.022,8.844,0.279,0000,0.0,9.286,0.02,8.922,0.017,8.822,0.02,94.38473547565196,5.673926185010258,True,4811.102126530015,0.1224357230312228,1.3792622561341222e-12,,,,validation
1292061544302612096,10.588106,11.005739,10.001834,11136.427,3142.0679,4107.689,1.0039053,0.9210913,8.767,0.023,8.83,0.02,8.772,0.022,8.689,0.23,0000,0.0,9.31,0.018,8.898,0.016,8.803,0.016,95.40074905312594,5.69034707677501,True,4588.229183364135,0.1632993969716052,1.268891777886269e-12,,,,validation
1645214027624984192,10.689173,11.153296,10.070346,3740.729,957.75574,1357.4631,1.0829506,0.9049533,8.79,0.023,8.864,0.02,8.796,0.022,8.86,0.278,0000,0.0,9.348,0.02,8.961,0.019,8.853,0.015,99.09081819769112,5.709005927917605,True,4648.030850565477,0.1463349484564687,1.236664472990409e-12,,,,validation
1927351322651285888,10.510849,10.93988,9.91492,3959.7673,1228.7692,1688.0599,1.0249605,0.91322917,8.661,0.023,8.71,0.02,8.644,0.023,8.358,0.235,0000,0.0,9.246,0.023,8.832,0.021,8.717,0.018,90.57538868824226,5.725797967957794,True,4483.019336759952,0.1495141629199426,1.2765004262298614e-12,,,,validation
1351790073940150400,10.610257,11.009201,10.041886,9010.036,2282.8928,3178.8584,0.9673147,1.0239956,8.853,0.023,8.904,0.02,8.809,0.027,8.801,0.478,0000,0.0,9.376,0.022,8.974,0.022,8.892,0.017,94.29128178982924,5.73789930225206,True,4704.436081993857,0.150289610056673,1.2086540344690273e-12,,,,validation
1958639369133397632,10.741382,11.193628,10.129615,3555.5442,1318.4646,1954.5612,1.0640135,1.0497762,8.862,0.022,8.934,0.021,8.879,0.03,8.784,0.335,00P0,0.0,9.427,0.022,9.02,0.024,8.93,0.018,99.47885240883495,5.752728167039919,True,4637.940781359397,0.1474099500599358,1.1325236698362673e-12,,,,validation
1032359165563802240,9.9753895,10.407239,9.381608,1385.3746,376.03757,576.376,1.025631,1.0301404,8.157,0.023,8.2,0.02,8.137,0.021,7.652,0.141,0000,0.0,8.73,0.024,8.32,0.021,8.25,0.016,69.40678159232807,5.768379967305204,True,4725.336141526201,0.1261977213281633,2.2599193642673808e-12,,,,validation
5418322799800419072,10.391134,10.817895,9.799551,6471.321,2982.3008,4632.1724,1.0183439,1.1001115,8.567,0.023,8.616,0.02,8.563,0.022,8.619,0.305,0000,0.0,9.126,0.032,8.696,0.027,8.621,0.021,83.55031113005089,5.781393642568528,True,4598.074198445959,0.1552511393705618,1.4406652991271708e-12,,,,validation
4774618974351691520,10.705549,11.1518135,10.095703,4983.577,1782.9695,2393.1633,1.0561104,1.8962443,8.79,0.022,8.837,0.02,8.785,0.02,8.787,0.159,0000,0.0,9.412,0.023,8.979,0.022,8.85,0.019,96.11377993546394,5.791620713014879,True,4335.094699081921,0.1550105759963558,1.0427495754587073e-12,,,,validation
5275946661159262848,10.316829,10.752063,9.690418,1825.8334,1812.647,2425.0469,1.0616446,5.244834,8.34,0.023,8.377,0.02,8.324,0.018,8.156,0.133,0000,0.0,8.974,0.029,8.528,0.044,8.438,0.021,79.57297206367495,5.8130011033260764,True,4450.684917196787,0.1437102026953322,1.589782072056392e-12,,,,validation
2611359430436532864,10.365689,10.802604,9.768219,2662.7456,1433.0941,1805.3633,1.0343847,1.1180505,8.505,0.022,8.576,0.021,8.508,0.028,8.209,0.322,0000,0.0,9.105,0.023,8.642,0.036,8.575,0.021,80.68607530778664,5.831696043786668,True,4478.367865418927,0.1664852116122378,1.4194985790532641e-12,,,,validation
180382445977793536,9.949086,10.364457,9.364185,7867.2744,2749.166,6039.93,1.0002718,1.1046433,8.143,0.023,8.197,0.021,8.17,0.024,8.066,0.257,0000,0.0,8.65,0.023,8.249,0.021,8.2,0.016,66.17427512883727,5.845640036250959,True,4889.120624532764,0.1405342174874052,2.5405514657389385e-12,,,,validation
4274488793161742720,10.780586,11.315805,10.083822,2588.1394,853.06665,1067.3103,1.2319832,1.2647706,8.487,0.022,8.498,0.019,8.46,0.025,8.389,0.357,HH00,0.0,9.181,0.029,8.714,0.063,8.573,0.019,96.08935116682667,5.8672096956706845,True,4146.446600786915,0.1536434041639902,1.1875235589936309e-12,,,,validation
1219930420425824768,10.377193,10.828121,9.757523,7583.142,4406.8423,5438.3247,1.0705986,1.1932157,8.415,0.023,8.451,0.019,8.441,0.022,8.184,0.187,0000,0.0,8.999,0.027,8.538,0.026,8.491,0.02,79.20608921021586,5.883400147056264,True,4583.324160768088,0.1493746183518897,1.6432790272726077e-12,,,,validation
6276249389116942848,10.197171,10.682466,9.556732,4102.458,1260.8645,4677.023,1.1257334,1.2429,8.204,0.023,8.271,0.02,8.21,0.02,8.234,0.217,0000,0.0,8.8,0.026,8.358,0.046,8.271,0.027,72.28523179034536,5.9019231101453045,True,4483.019336759954,0.1703833534426142,1.8230395222591863e-12,,,,validation
3506524893749579648,10.597826,11.073947,9.96059,9702.244,2088.176,4743.5815,1.1133566,0.97004795,8.609,0.023,8.677,0.021,8.612,0.022,8.498,0.273,0000,0.0,9.222,0.021,8.764,0.051,8.69,0.023,86.2580630356568,5.918827491811147,True,4469.096803947801,0.1618229782585527,1.2657931428039546e-12,,,,validation
3971656726486603776,10.533084,10.987098,9.916202,5552.6763,1679.552,2720.835,1.0708961,0.98509026,8.581,0.022,8.642,0.02,8.618,0.027,8.646,0.376,0000,0.0,9.176,0.022,8.728,0.028,8.635,0.025,82.90987353637875,5.940052736450628,True,4427.912356377465,0.1668615066310126,1.301034082627515e-12,,,,validation
4848088513118488448,10.744002,11.193655,10.132915,5634.047,1544.2732,2246.851,1.0607405,0.92726517,8.842,0.023,8.904,0.02,8.823,0.021,8.757,0.256,0000,0.0,9.412,0.022,8.99,0.024,8.896,0.023,90.54238646692724,5.959742313962018,True,4544.514148768226,0.1563131312629212,1.0981065758853336e-12,,,,validation
5149065145317788928,10.4543495,10.9567995,9.797345,6484.642,1888.2023,2794.609,1.1594543,0.9883836,8.397,0.023,8.487,0.02,8.404,0.022,8.13,0.179,0000,1.0,9.055,0.024,8.586,0.031,8.472,0.02,78.41213261340147,5.9824331713107455,True,4246.595555735482,0.176493820073992,1.3797419809600105e-12,,,,validation
1901775926275587328,10.645225,11.261403,9.893407,1267.1876,364.40997,505.25266,1.3679962,1.1597587,8.189,0.023,8.246,0.018,8.167,0.019,8.069,0.257,dh00,0.0,8.922,0.026,8.381,0.02,8.254,0.014,85.10193631519127,5.995527791737112,True,3926.609568318465,0.1919236756611897,1.4772433231545396e-12,,,,validation
1998802742194895488,10.806778,11.326494,10.137479,7516.5312,2508.6172,3358.3308,1.1890154,1.1840241,8.726,0.023,8.8,0.02,8.718,0.025,8.621,0.252,0hpp,0.0,9.335,0.018,8.873,0.017,8.765,0.02,90.9198544949376,6.013484339883611,True,4300.889070528932,0.1822263256420631,1.128931786979772e-12,,,,validation
5461082016725619072,10.610224,11.119721,9.946514,4257.311,1299.3582,1964.2476,1.1732073,0.9981549,8.548,0.022,8.63,0.021,8.483,0.022,7.746,0.191,0000,0.0,9.18,0.029,8.711,0.044,8.598,0.019,82.32521606177028,6.032559604063483,True,4250.716417446599,0.1870641918042531,1.2073060857528425e-12,,,,validation
3824670580407131136,10.455884,10.914489,9.832268,6188.3623,3038.4006,5549.1978,1.082221,1.0126485,8.428,0.023,8.485,0.021,8.456,0.026,8.245,0.235,ddd0,0.0,9.132,0.022,8.702,0.038,8.59,0.021,76.19095623812389,6.046366878798906,True,4423.390076970333,0.1156720386229184,1.4156571600688665e-12,,,,validation
4471568143540690816,10.128738,10.532321,9.5504465,7619.5854,1942.0177,4659.431,0.98187447,0.96214664,8.321,0.024,8.358,0.021,8.302,0.024,8.109,0.246,000p,0.0,8.854,0.037,8.45,0.042,8.341,0.036,64.62976459117269,6.076575129789461,True,4558.980326177774,0.1793616686244462,1.712867394307599e-12,,,,validation
5591090603761220352,10.913988,11.344069,10.255621,1677.2264,2547.8435,3162.9492,1.0884476,3.9270186,8.853,0.022,8.845,0.02,8.812,0.023,8.875,0.394,d000,1.0,9.499,0.022,9.05,0.021,8.928,0.021,91.78466469262705,6.100137371538253,True,4296.6564589832005,0.1347233476643229,9.700438360206026e-13,,,,validation
1250211279890399616,10.7745905,11.263774,10.128387,3986.7458,1191.5631,2028.7264,1.1353865,0.94815123,8.757,0.022,8.821,0.02,8.76,0.03,8.644,0.303,0000,0.0,9.347,0.027,8.858,0.029,8.787,0.018,85.16256889971295,6.123346733459382,True,4343.743198528155,0.189331090122275,1.0816745217155816e-12,,,,validation
2518986263131350144,10.592349,11.071416,9.955227,3423.411,1174.578,1831.1749,1.116189,1.0710648,8.588,0.023,8.651,0.02,8.594,0.023,8.415,0.28,0000,0.0,9.234,0.029,8.789,0.057,8.657,0.025,77.64657162975509,6.141737575733096,True,4271.459109294755,0.175971211621809,1.135704952149466e-12,,,,validation
2614874049419123840,10.600234,11.089264,9.955048,2050.3015,617.05237,886.3793,1.1342163,1.0395834,8.561,0.022,8.652,0.02,8.561,0.025,8.352,0.334,0000,1.0,9.217,0.023,8.77,0.051,8.662,0.023,77.21700168277061,6.1616693296637415,True,4365.53826191267,0.1632031568471722,1.2211073578396658e-12,,,,validation
6875776692781604480,10.587195,11.106375,9.915911,2918.0935,843.8593,1357.4658,1.190464,0.9908474,8.475,0.023,8.551,0.019,8.481,0.024,8.235,0.284,0000,0.0,9.133,0.03,8.638,0.029,8.572,0.023,76.16972924863363,6.178282940690906,True,4339.41435006425,0.1712918347607549,1.3225849617460504e-12,,,,validation
6451522572061917824,11.108074,11.589954,10.464136,5674.121,2738.2534,4634.5996,1.1258183,1.4575101,9.063,0.023,9.129,0.021,9.041,0.028,8.922,0.52,0000,0.0,9.723,0.023,9.251,0.026,9.16,0.025,95.96636908060104,6.197478682805674,True,4330.784950337124,0.1562388666517733,7.842591427418566e-13,,,,validation
3422291930717792384,10.782448,11.268837,10.133313,7502.958,2849.6333,3097.2966,1.1355238,1.1124631,8.73,0.022,8.8,0.02,8.748,0.033,8.731,0.539,0000,0.0,9.386,0.02,8.897,0.017,8.779,0.019,81.6997345912424,6.221344771545148,True,4150.349283854112,0.1861598772102906,1.0329890202964358e-12,,,,validation
2697796158369038720,11.069845,11.610765,10.379868,2330.6045,1067.1904,1585.1464,1.2308979,0.9495371,8.889,0.022,8.966,0.02,8.871,0.026,8.632,0.446,0000,0.0,9.558,0.024,9.056,0.021,8.944,0.023,92.2269664491923,6.245555380211492,True,4123.204549048117,0.1889678345364603,8.497600634092105e-13,,,,validation
1273679801533606272,10.9717,11.5180435,10.257704,3068.5305,1068.7257,1109.5314,1.2603397,1.0567644,8.708,0.023,8.749,0.02,8.659,0.023,8.463,0.247,0000,0.0,9.415,0.02,8.916,0.019,8.765,0.015,87.51450088405406,6.261299898765714,True,3989.737309417904,0.1799420022411017,9.668909545635737e-13,,,,validation
3358334816801057280,11.056397,11.600535,10.365807,2446.0955,538.96893,1020.18463,1.2347288,0.90378666,8.889,0.022,8.956,0.02,8.894,0.03,8.602,0.392,0000,0.0,9.537,0.023,9.088,0.031,8.935,0.021,89.50475442077862,6.297166473483731,True,4169.989541367378,0.1789347407072119,8.546769026657549e-13,,,,validation
1683751326063005952,10.660965,11.14415,10.0194,9260.441,2453.6106,3469.7083,1.1247501,0.9009729,8.614,0.023,8.665,0.02,8.574,0.022,8.412,0.242,hh00,0.0,9.246,0.021,8.764,0.017,8.673,0.016,74.22807666404283,6.308123961887972,True,4288.219716333029,0.1711640594246085,1.2411166734884766e-12,,,,validation
6812921079057623424,10.731703,11.2861,10.030928,9198.417,2896.372,3667.968,1.2551727,1.0716811,8.5,0.023,8.567,0.02,8.552,0.026,8.253,0.287,0000,1.0,9.222,0.025,8.701,0.021,8.579,0.021,75.71285940307472,6.335854758807535,True,4014.9155914336,0.1821701810265042,1.1392645775391522e-12,,,,validation
5048314184741564288,10.796371,11.318725,10.117683,7536.2393,3113.473,3824.717,1.2010412,1.1170872,8.628,0.023,8.699,0.02,8.62,0.02,8.485,0.206,0000,0.0,9.335,0.024,8.807,0.022,8.687,0.019,77.09581389809044,6.3612170118409,True,3996.89441763814,0.1943448887568312,1.0152801988319228e-12,,,,validation
2404895301636503424,10.815217,11.298317,9.995474,1376.4391,415.00204,55.08901,1.3028431,1.2195857,8.172,0.022,8.221,0.02,8.203,0.023,8.226,0.302,0000,0.0,8.931,0.021,8.349,0.04,8.313,0.024,76.95999339502144,6.383891891214645,True,4107.873160683713,0.1723724109324173,1.5323095974790919e-12,,,,validation
4821767785298288384,10.345995,10.884506,9.659272,4068.2983,1710.6742,2524.8264,1.225234,0.88286656,8.168,0.023,8.233,0.021,8.178,0.021,8.169,0.187,0000,0.0,8.827,0.023,8.409,0.042,8.202,0.029,61.41195318892158,6.404730448956176,True,4081.3542677583528,0.1852861515668024,1.5532374179104374e-12,,,,validation
4898372856349781504,11.192588,11.759094,10.481743,5549.134,2523.562,4081.2507,1.2773514,1.352468,8.942,0.023,9.015,0.02,8.929,0.028,8.223,0.236,0000,0.0,9.611,0.022,9.13,0.022,8.969,0.023,89.91074336985095,6.423530058159415,True,4018.542248716421,0.1985170897383345,7.719698320054819e-13,,,,validation
4884803886430031104,11.09838,11.631022,10.407835,4432.3086,2290.7373,3475.7678,1.2231874,1.1851822,8.884,0.112,8.943,0.023,8.886,0.027,8.583,0.305,0000,0.0,9.538,0.022,9.038,0.022,8.957,0.023,85.06231639044455,6.44969397444607,True,4254.846884720092,0.1730191892366793,9.452199467720101e-13,,,,validation
6876711586902802688,10.713741,11.266258,10.01542,1822.9159,539.89044,789.98126,1.2508383,1.1636441,8.515,0.023,8.569,0.02,8.505,0.025,8.083,0.266,0000,0.0,9.192,0.025,8.678,0.021,8.576,0.022,70.72064575954404,6.466009911883415,True,4115.522846430233,0.1815394140400563,1.201234775525102e-12,,,,validation
5496916097105816704,11.049356,11.692385,10.270594,3894.692,1850.7169,3437.7275,1.4217911,8.798842,8.511,0.023,8.558,0.02,8.479,0.019,8.476,0.242,hhh0,0.0,9.357,0.024,8.772,0.046,8.623,0.023,81.7622249433285,6.486592494347779,True,3713.295005458034,0.1946423887234634,8.993061526741547e-13,,,,validation
6166651233995782400,10.765773,11.310075,10.074567,2230.4763,641.7841,1076.5947,1.235508,1.0045121,8.573,0.022,8.632,0.019,8.543,0.021,8.449,0.244,0000,0.0,9.274,0.023,8.791,0.069,8.665,0.023,70.93272049731581,6.511539916229296,True,4142.552489758916,0.1738867568260345,1.0736979236624097e-12,,,,validation
2463393512122004480,11.09218,11.672214,10.229708,2550.3237,640.8942,68.611595,1.4425058,1.1273117,8.114,0.023,8.188,0.02,8.135,0.02,8.014,0.178,0,0.0,9.102,0.038,8.608,0.049,8.374,0.031,81.35370446035162,6.540293332869823,True,3731.599563340874,0.1284954720077592,1.1836189691364036e-12,0.2652143747563702,False,126.0,template
978031643201239936,11.150879,11.746235,10.417354,4580.853,1801.9897,2871.834,1.3288813,1.2975655,8.823,0.023,8.898,0.02,8.801,0.027,8.152,0.219,0000,0.0,9.591,0.023,9.034,0.024,8.902,0.02,81.9697845906218,6.582610030997742,True,3855.765922533801,0.1983527778313579,7.704774042987983e-13,,,,validation
820777974071559296,10.888112,11.468621,10.092652,4849.541,2748.681,2386.9316,1.3759689,1.5792916,8.375,0.023,8.42,0.021,8.306,0.022,7.801,0.168,0000,0.0,9.194,0.023,8.592,0.017,8.467,0.02,71.89208657537235,6.60470655683315,True,3734.670181474866,0.1982632102323624,1.1360145931441873e-12,,,,validation
3794060898244235776,11.315693,11.849039,10.629624,3496.5383,1871.2091,2476.4746,1.2194147,0.9384501,9.107,0.023,9.163,0.02,9.128,0.035,8.901,0.523,0000,0.0,9.809,0.022,9.262,0.023,9.168,0.021,86.3477838165784,6.634437022305548,True,4022.1762814132135,0.192798864750181,6.626251945115777e-13,,,,validation
1866847637327832832,11.627668,11.975979,10.774698,2991.4253,68.48065,60.488903,1.2012806,1.719871,8.852,0.023,8.851,0.02,8.8,0.027,8.525,0.282,h000,0.0,9.706,0.024,9.104,0.025,8.991,0.02,98.26151310715797,6.665750762728472,True,3771.969372771048,0.1614483669704693,7.052803293433835e-13,,,,validation
515853167422064000,11.333995,11.899061,10.623391,4173.5483,2846.723,4055.2322,1.27567,1.23818,9.051,0.022,9.095,0.021,9.0,0.029,8.794,0.401,0000,0.0,9.755,0.022,9.215,0.023,9.104,0.014,84.80578322846081,6.691867652715985,True,3986.169577728052,0.1915898987690131,7.045628258970282e-13,,,,validation
3228247576027557504,11.165962,11.819799,10.393655,4349.9443,1927.6117,2615.2307,1.4261446,1.0154763,8.715,0.023,8.801,0.02,8.669,0.027,8.295,0.268,0000,0.0,9.455,0.024,8.928,0.022,8.792,0.025,77.2279624392707,6.727089116566571,True,3943.916526080232,0.1938285421127075,8.864890595554536e-13,,,,validation
4030024511701117568,11.676969,12.004393,10.8241625,136.48766,618.22754,883.1202,1.1802301,13.202499,9.374,0.023,9.443,0.019,9.38,0.033,8.816,0.378,0000,0.0,10.018,0.023,9.534,0.028,9.453,0.023,95.26789888936258,6.782236064686583,True,4322.1950754368445,0.1709659373206588,5.838425565912468e-13,,,,validation
3763102327298064128,11.282558,11.880824,10.541387,3155.9917,1360.5771,1193.9403,1.3394375,1.0119821,8.851,0.023,8.884,0.02,8.805,0.031,8.121,0.244,0,0.0,9.639,0.026,9.071,0.027,8.985,0.028,78.07525154705782,6.819991039310583,True,3975.50944097476,0.1647448848438173,7.725877296478899e-13,0.2911766472209383,False,131.0,template
838901537764974720,11.795998,12.366653,10.970349,2153.6738,399.0798,213.0129,1.3963041,1.2072719,9.131,0.022,9.171,0.021,9.103,0.032,8.85,0.417,0,0.0,9.972,0.029,9.462,0.035,9.258,0.023,97.38416730408666,6.853556224405281,True,3775.1158535770223,0.162556459265053,5.249366268479917e-13,0.3073589898561142,False,132.0,template
4903169750701661184,11.384078,11.31617,10.123475,1266.872,10.2136135,11.081552,1.1926947,1.9134465,8.157,0.022,8.193,0.019,8.147,0.02,8.18,0.216,0000,0.0,8.831,0.029,8.339,0.027,8.258,0.023,79.02970286532016,6.895126254557603,True,4288.219716333031,0.1541692400575217,1.7480881515194428e-12,,,,validation
2797406384223941760,11.5240755,12.169427,10.755086,2723.288,1623.6562,2932.5227,1.414341,1.7434002,9.007,0.023,9.075,0.02,8.982,0.039,8.099,0.278,dd00,1.0,9.805,0.02,9.233,0.019,9.102,0.02,82.19716218591,6.949791379956348,True,3810.125734254699,0.1934573002968253,6.460094570971367e-13,,,,validation
2982805175907843584,11.5900135,12.222906,10.792147,1968.3314,1951.5923,2581.2402,1.4307594,4.277167,9.034,0.023,9.067,0.02,8.989,0.027,8.568,0.348,dd00,0.0,9.842,0.023,9.26,0.025,9.121,0.023,82.84732550604217,6.9986210349990685,True,3753.214737145664,0.1910128930835174,5.969192310461415e-13,,,,validation
4633874957646422784,10.831213,11.471581,10.065692,4845.6387,1238.343,2300.23,1.4058895,0.9381954,8.32,0.023,8.368,0.02,8.311,0.021,8.26,0.207,0000,0.0,9.157,0.024,8.55,0.026,8.432,0.023,56.85661795023527,7.057307886896066,True,3740.82860695388,0.192486950172001,1.1241255714650809e-12,,,,validation
4933678690113313024,11.48112,12.142597,10.699876,4986.7554,2345.8286,3286.9424,1.4427214,0.9899208,8.894,0.022,8.952,0.019,8.866,0.029,8.684,0.391,0000,0.0,9.775,0.028,9.178,0.028,9.022,0.023,74.5741917007546,7.118177225988028,True,3656.652131092624,0.1934062841138294,6.105674002203342e-13,,,,validation
5065876679675617920,11.8899765,12.585574,11.083739,3957.1404,1612.7592,2430.9236,1.5018349,1.5597444,9.298,0.023,9.357,0.021,9.276,0.029,9.219,0.472,0000,1.0,10.117,0.023,9.527,0.023,9.417,0.021,86.64654972835208,7.201220131211443,True,3819.802339799481,0.1842832210732643,4.845582067435779e-13,,,,validation
135861364739945472,12.055991,11.662652,10.42082,112.861824,4.6744184,5.229497,1.2418318,0.9828787,8.346,0.023,8.42,0.02,8.359,0.024,8.27,0.297,0,0.0,9.114,0.023,8.614,0.025,8.508,0.024,90.64141887269945,7.269357523900652,True,4154.260814927035,0.1430474203233909,1.3337146886127745e-12,0.3112995655850898,False,140.0,template
4802062853300885248,12.223141,12.966605,11.382482,3861.3306,1215.367,1489.9386,1.5841236,3.7532961,9.444,0.022,9.484,0.02,9.373,0.029,8.743,0.298,dh00,0.0,10.382,0.026,9.743,0.026,9.596,0.023,94.98955591000228,7.334761713555828,True,3562.779761785788,0.1864170186301063,3.5234345535891733e-13,,,,validation
1190125271535332480,12.232074,13.211271,11.249138,2914.7563,699.44,1105.8506,1.9621334,2.247383,9.054,0.024,9.064,0.02,8.964,0.03,8.7,0.355,0000,0.0,9.99,0.023,9.36,0.025,9.163,0.021,93.0391693880332,7.388744877243052,True,3453.460323503029,0.1947422848137773,4.917135571647758e-13,,,,validation
4133963334450427264,12.019427,12.815815,11.115503,1220.0391,439.9865,669.6255,1.7003117,4.7583523,8.872,0.023,8.815,0.02,8.807,0.033,8.201,0.343,0000,1.0,9.968,0.026,9.334,0.023,9.144,0.023,81.6361376312164,7.460014754047957,True,3461.2013096975365,0.1032063050580912,5.452347099833831e-13,,,,validation
2005100332495101184,12.1713,12.987026,11.11599,3611.876,972.54004,1130.2646,1.8710365,2.144971,8.866,0.023,8.819,0.019,8.73,0.024,8.513,0.222,0000,1.0,9.884,0.032,9.246,0.038,9.066,0.029,85.4809510780311,7.5119532721723346,True,3476.803557991988,0.1516540101632221,5.470400993843107e-13,,,,validation
3943883067064464896,12.006025,12.657828,11.227894,5227.293,1659.5377,2162.3406,1.4299345,1.2954543,9.428,0.022,9.413,0.02,9.358,0.037,9.071,0.497,0000,1.0,10.261,0.021,9.709,0.029,9.588,0.021,76.96073138842698,7.574679068387557,True,3909.475123359561,0.1324493619607501,4.399644855226469e-13,,,,validation
1157697924852714624,12.552974,13.360485,11.67581,3113.6274,693.6213,1217.4075,1.6846752,3.3425632,9.583,0.021,9.616,0.019,9.619,0.036,9.206,0.454,HH00,0.0,10.586,0.024,9.948,0.023,9.776,0.021,96.12116325569484,7.638878910081825,True,3497.855553876879,0.166677186471284,2.9465042782367165e-13,,,,validation
5055492724360950528,12.470611,13.502774,11.460094,4056.784,1408.2744,2261.0076,2.0426798,1.2555405,9.226,0.022,9.193,0.021,9.042,0.025,8.488,0.208,0,0.0,10.174,0.023,9.563,0.024,9.353,0.021,90.56286441438634,7.685860248154878,True,3468.9831781606936,0.1670202269815195,4.247629878077965e-13,0.2758643279629638,False,148.0,template
1248214669853560832,12.429809,13.253703,11.543072,2943.874,670.2757,1531.4496,1.7106314,1.2040265,9.547,0.022,9.566,0.02,9.398,0.035,8.793,0.434,0000,0.0,10.443,0.019,9.79,0.016,9.664,0.017,87.31578082543874,7.724345289717156,True,3582.233985120067,0.1976302983154454,3.5491878979239e-13,,,,validation
6287379397431868544,12.640225,13.38722,11.639464,172.26636,1149.8542,2576.4424,1.747756,32.963036,9.589,0.022,9.603,0.019,9.543,0.038,9.159,0.518,0000,0.0,10.49,0.021,9.84,0.025,9.701,0.022,94.57465505775993,7.761351170175278,True,3554.514819562963,0.1973398070968801,3.173192932723795e-13,,,,validation
599663814903857664,12.556837,13.613567,11.51791,1493.7133,908.89734,1938.6462,2.0956573,11.698047,9.225,0.023,9.207,0.02,9.083,0.039,8.526,0.499,0000,0.0,10.209,0.024,9.55,0.024,9.33,0.021,89.41452785421687,7.799796561818663,True,3325.212875651118,0.1997167788545238,3.925066352558917e-13,,,,validation
1994058624389010432,12.547192,12.696816,10.878029,1062.1659,252.98979,711.8816,1.8187876,6.099924,8.669,0.021,8.718,0.018,8.651,0.024,8.13,0.203,hh00,0.0,9.719,0.022,9.06,0.021,8.903,0.019,87.40553140980617,7.839497412071608,True,3482.0399663426338,0.1604344959794077,6.666600111950097e-13,,,,validation
3212738719703024384,12.099625,13.178154,11.06126,1202.7719,257.9713,506.15057,2.1168938,1.3274117,8.691,0.023,8.649,0.019,8.499,0.025,8.163,0.247,0,0.0,9.64,0.024,8.997,0.025,8.78,0.023,69.83825993044712,7.879157949606597,True,3370.8098693366187,0.1959646044511773,6.584558591670271e-13,0.2965404678145571,False,152.0,template
5773395408375821056,11.407782,12.292776,10.407635,2597.7026,1398.9358,1530.648,1.8851414,2.4292874,8.26,0.023,8.257,0.021,8.149,0.02,8.124,0.186,0000,0.0,9.193,0.022,8.556,0.044,8.368,0.02,50.09331932463834,7.908882948898011,True,3458.616901361387,0.19520299149907,1.012174109156948e-12,,,,validation
3935805745408836096,12.48711,13.399883,11.264942,2171.957,207.50917,300.39575,2.134941,1.226231,8.911,0.022,8.864,0.02,8.764,0.028,8.654,0.269,0,0.0,9.933,0.03,9.312,0.033,9.074,0.023,81.21486055217582,7.938932485240279,True,3373.249154789214,0.1593287998537851,5.092303085995962e-13,0.3079018944408105,False,153.0,template
6569131558449549952,12.471388,13.348836,11.54358,5485.921,1457.8988,2449.283,1.8052559,1.1672202,9.502,0.022,9.491,0.021,9.377,0.035,8.692,0.369,0000,0.0,10.393,0.024,9.762,0.024,9.585,0.021,79.56736570243139,7.967713101100671,True,3503.1629013237985,0.197726806265096,3.4334302935014305e-13,,,,validation
1174045017057909504,12.467871,13.496862,11.451992,498.73856,122.14227,212.35722,2.0448704,1.4989396,9.033,0.021,9.021,0.019,8.937,0.025,8.803,0.362,0000,0.0,10.124,0.024,9.448,0.022,9.237,0.021,78.14628838453547,8.003329221454592,True,3306.4275246500424,0.1623590964232646,4.394346442966816e-13,,,,validation
4672293062151129216,11.57929,12.418784,10.674317,3514.0613,1130.9418,1845.0576,1.7444668,1.0364231,8.662,0.023,8.634,0.02,8.541,0.021,8.24,0.194,0000,1.0,9.531,0.022,8.926,0.025,8.74,0.021,51.162899500902085,8.03451425592004,True,3549.029281746475,0.1870241978444936,7.646998736732259e-13,,,,validation
3404603361310299520,11.556283,12.448752,10.625607,4120.672,2454.214,3855.3835,1.8231459,1.3043592,8.521,0.024,8.538,0.019,8.449,0.025,7.943,0.223,0000,0.0,9.478,0.024,8.85,0.023,8.638,0.017,49.83793827435762,8.06848266065596,True,3420.359845207131,0.1935443563236114,7.897783054593056e-13,,,,validation
1651270030295513728,12.540147,13.55673,11.509714,1307.5555,1046.3503,1788.6893,2.0470161,19.259857,9.263,0.023,9.196,0.02,9.059,0.022,9.018,0.207,hh00,0.0,10.176,0.022,9.548,0.018,9.375,0.018,77.70924623761609,8.087783517895815,True,3521.886138232497,0.1663377759432124,4.433137284428115e-13,,,,validation
5824237032242817664,11.900532,12.847361,10.932707,3421.529,1554.1049,2372.1277,1.9146538,10.684852,8.752,0.024,8.728,0.021,8.652,0.024,8.501,0.253,h000,0.0,9.733,0.024,9.044,0.022,8.866,0.021,56.980544269975766,8.121899033791045,True,3353.847969126085,0.1989034104239994,6.288135758804321e-13,,,,validation
2004375032776556416,12.681242,13.742359,11.632929,1731.6221,1279.0043,2638.186,2.1094303,22.019262,9.333,0.022,9.292,0.019,9.153,0.027,9.213,0.479,0000,0.0,10.314,0.023,9.68,0.03,9.45,0.022,80.52364487284532,8.151624875801065,True,3361.0935424793743,0.1833357213160576,3.538555519300029e-13,,,,validation
325412805682357120,11.272403,12.171495,10.339476,1295.3024,408.89908,648.4681,1.8320198,1.32065,8.244,0.023,8.225,0.02,8.144,0.021,8.017,0.223,0000,0.0,9.16,0.03,8.531,0.024,8.34,0.017,41.5566635966746,8.179199636627992,True,3471.585435441212,0.1898099704993712,1.068754854074243e-12,,,,validation
1552715859592430464,12.628506,13.585466,11.659899,4538.034,1552.8282,2538.1824,1.9255676,1.2201424,9.499,0.023,9.51,0.02,9.362,0.032,8.824,0.403,0000,0.0,10.44,0.022,9.81,0.018,9.615,0.015,76.96276695226257,8.197102635042363,True,3458.6169013613844,0.1923867876925941,3.4004659509933565e-13,,,,validation
3407125061166084608,11.655267,12.55589,10.720537,3418.2266,1445.3364,2241.6711,1.8353529,0.99876064,8.644,0.023,8.604,0.021,8.502,0.027,8.058,0.228,0000,0.0,9.534,0.026,8.941,0.032,8.757,0.019,48.57938544624008,8.223006917703323,True,3587.836271709454,0.164128959970434,7.75434672308143e-13,,,,validation
6147044433411060224,12.266987,13.699078,11.080683,495.71143,117.61463,186.79582,2.6183949,1.3601811,8.423,0.023,8.274,0.02,8.15,0.02,7.883,0.141,0000,0.0,9.473,0.023,8.806,0.023,8.515,0.02,63.600173311014416,8.249695504469042,True,3149.594112817923,0.1766710520542816,7.67427582546124e-13,,,,validation
6653428297457302784,11.76638,12.782182,10.762771,3427.5417,1341.538,3650.4402,2.019411,1.2143255,8.523,0.023,8.507,0.02,8.417,0.025,8.347,0.281,0000,0.0,9.473,0.017,8.815,0.018,8.651,0.022,49.84400082219768,8.27831552744383,True,3466.385066583635,0.1843842482386692,8.380483932957599e-13,,,,validation
1341114262710982912,13.2387705,14.2983,12.202902,620.9495,167.6833,233.97525,2.095398,7.511485,9.856,0.023,9.808,0.021,9.708,0.039,9.297,0.515,0000,0.0,10.819,0.02,10.161,0.023,9.953,0.019,97.45490920988316,8.294751893862536,True,3356.259692867319,0.1915289004407567,2.311411019993124e-13,,,,validation
2642922251741817216,12.055092,13.077534,11.047975,3133.4424,842.4483,1599.1127,2.0295591,1.176227,8.797,0.023,8.789,0.019,8.679,0.027,8.642,0.436,hhd0,0.0,9.759,0.027,9.114,0.033,8.954,0.022,56.02605700841434,8.313141705772509,True,3511.1600749067925,0.1764589252845307,6.136916208039238e-13,,,,validation
5461072121120944128,12.771758,13.761514,11.784735,5426.7603,1427.789,2977.2349,1.976779,1.279279,9.566,0.024,9.58,0.021,9.489,0.044,8.581,0.312,0000,1.0,10.529,0.024,9.933,0.023,9.72,0.023,77.0593867863045,8.337630256421981,True,3500.5070186948565,0.1655971541365258,3.0850212949734733e-13,,,,validation
5621791377890720128,12.531903,13.519876,11.497536,944.2118,1188.2562,2995.0835,2.0223398,22.428572,9.286,0.023,9.16,0.019,9.145,0.03,8.79,0.312,0000,1.0,10.224,0.028,9.593,0.022,9.415,0.023,68.42898192361177,8.35570260662714,True,3500.5070186948533,0.1434908188744428,4.1569680573096523e-13,,,,validation
834310458244449408,11.877724,12.9501915,10.846826,3104.7317,1165.5314,2438.0957,2.103366,7.9028487,8.509,0.023,8.494,0.02,8.351,0.021,8.13,0.257,0000,0.0,9.494,0.022,8.885,0.036,8.63,0.019,50.16906341213807,8.375544032905594,True,3361.093542479379,0.1816071851037576,7.570159889259885e-13,,,,validation
703952355359470848,12.382681,13.192136,11.405908,3433.991,102.17045,114.70865,1.7862282,1.4151342,8.668,0.022,8.621,0.019,8.546,0.025,8.165,0.28,0000,0.0,9.625,0.019,8.987,0.018,8.825,0.019,62.78399344783045,8.393436319796777,True,3524.579533397013,0.1542150859171998,7.430397864476409e-13,,,,validation
936080326798296320,11.709412,12.718609,10.707442,2670.9756,907.4953,1438.0841,2.0111666,1.0692666,8.489,0.022,8.443,0.019,8.327,0.02,8.139,0.221,0000,0.0,9.439,0.02,8.816,0.02,8.619,0.018,45.71074648579673,8.409320431727142,True,3471.58543544121,0.1640138620697085,8.52043338823665e-13,,,,validation
378598175982943872,12.759213,13.81795,11.736245,4850.875,1249.8707,2091.1572,2.081705,1.3903532,9.443,0.023,9.437,0.019,9.32,0.029,8.737,0.272,0000,0.0,10.424,0.02,9.775,0.021,9.552,0.017,73.60665234840224,8.424627668282223,True,3341.8493333909864,0.1977092197458247,3.2967536387919186e-13,,,,validation
3904189254192560384,12.349801,13.388954,11.334421,2844.3625,1019.2883,1404.992,2.054533,1.1368216,9.058,0.022,9.073,0.02,8.961,0.035,8.627,0.429,0000,0.0,10.074,0.026,9.419,0.024,9.188,0.019,60.5905760708438,8.437775591932326,True,3308.7625315061914,0.1988084900890165,4.441042106611044e-13,,,,validation
6432313309352978560,11.97564,13.23521,10.783166,2531.3289,231.26208,284.5295,2.4520445,8.353785,8.183,0.023,8.055,0.02,7.956,0.022,8.029,0.249,0000,0.0,9.258,0.029,8.534,0.034,8.346,0.021,50.42829643291992,8.462268514576046,True,3249.2321883653763,0.1653211395459663,9.54993167421678e-13,,,,validation
3456068137650108800,11.376073,12.40325,10.368994,2489.699,1551.3615,2288.2747,2.034256,1.31404,8.123,0.022,8.089,0.02,8.016,0.021,7.972,0.239,0000,0.0,9.103,0.027,8.528,0.034,8.297,0.018,37.92336789769353,8.481538504028233,True,3508.4899756995032,0.1376085267951515,1.148123939403763e-12,,,,validation
2581356159001008512,12.436784,13.3624115,11.2620735,1911.2852,86.343475,74.29708,2.100338,1.2453562,8.624,0.022,8.578,0.018,8.52,0.027,8.428,0.351,0h00,0.0,9.699,0.028,9.134,0.038,8.854,0.027,61.38125828526147,8.496605064960495,True,3407.8188174005386,0.1201356918820597,6.439415541235641e-13,,,,validation
955114655487773824,13.32673,14.407053,12.283661,2140.214,536.3958,629.2022,2.123392,1.2004281,9.957,0.023,9.944,0.02,9.811,0.048,8.808,0.455,00o0,0.0,10.93,0.022,10.255,0.02,10.07,0.019,91.6157307405308,8.516879750260337,True,3370.8098693366246,0.1986985219125868,2.102722731087757e-13,,,,validation
268894265882903936,13.1797905,14.468883,12.055834,2166.1233,446.8466,951.4601,2.4130487,1.2680732,9.564,0.023,9.456,0.02,9.326,0.034,8.735,0.356,0000,0.0,10.542,0.021,9.879,0.015,9.69,0.015,85.01848545298215,8.532223679817378,True,3390.4342283702017,0.1657096848668609,3.18410102618992e-13,,,,validation
5300609840856943744,13.247363,14.445536,12.13995,1783.5905,370.17383,862.2153,2.3055859,4.2138195,9.577,0.022,9.478,0.019,9.403,0.027,9.356,0.527,HH00,1.0,10.695,0.03,10.06,0.037,9.829,0.027,86.97982664478776,8.550270311203903,True,3356.259692867321,0.1095066900578979,2.6366992240114774e-13,,,,validation
3929649098769166976,12.613934,13.629239,11.611517,3014.7434,1106.0876,2224.8809,2.0177221,1.3327506,9.368,0.024,9.34,0.02,9.231,0.031,8.591,0.378,0000,1.0,10.321,0.02,9.691,0.02,9.505,0.019,64.31079397888348,8.572514642995877,True,3482.039966342634,0.1680944888129181,3.816784526193559e-13,,,,validation
1367124069259618560,13.049631,14.085568,11.974499,815.76447,876.2323,1702.5641,2.1110697,9.846098,9.664,0.023,9.596,0.02,9.467,0.027,9.384,0.392,0000,0.0,10.598,0.022,9.982,0.017,9.764,0.019,78.02402882316376,8.588489141789012,True,3435.5469638098634,0.1720132116615175,2.9269769487337563e-13,,,,validation
1685422858614758656,12.807889,13.9902725,11.726205,2013.2496,1136.8584,2847.5369,2.2640676,3.2981846,9.245,0.021,9.155,0.018,9.116,0.026,8.73,0.291,hh00,0.0,10.3,0.021,9.719,0.015,9.496,0.015,69.27752912899966,8.604927051891856,True,3513.8345727399687,0.0853134509742949,4.117771332587129e-13,,,,validation
1127445751471800448,12.198309,13.234755,11.187387,3102.5208,1162.5642,2223.6553,2.047367,1.2309418,8.969,0.023,8.904,0.02,8.79,0.024,8.65,0.306,0000,0.0,9.894,0.021,9.289,0.015,9.069,0.016,52.02049583729347,8.61743656304846,True,3458.616901361387,0.1725182873999843,5.710617198947542e-13,,,,validation
288373587541696128,12.634272,13.775884,11.571619,2646.744,1325.6399,1764.2095,2.2042646,14.551115,9.229,0.023,9.139,0.02,9.033,0.029,8.669,0.295,0000,0.0,10.195,0.023,9.586,0.022,9.374,0.016,63.068952285357526,8.635193917688166,True,3468.983178160696,0.1404180435133373,4.297841464764406e-13,,,,validation
2937570580348531200,12.684041,13.832362,11.61272,5044.127,1305.2683,2466.3665,2.2196426,4.0173798,9.236,0.023,9.136,0.021,9.056,0.029,8.716,0.327,0000,1.0,10.232,0.027,9.537,0.022,9.36,0.019,64.16278798003076,8.647624867475692,True,3341.8493333909864,0.1738758121895401,4.0370929238462854e-13,,,,validation
4792232184259809408,12.374318,13.4649315,11.337596,2196.678,922.1575,1508.735,2.1273355,1.3149071,9.012,0.022,8.98,0.02,8.888,0.023,8.622,0.217,0000,0.0,10.008,0.023,9.354,0.023,9.172,0.023,55.25322901430268,8.662529683045374,True,3430.468096620948,0.165087020522753,4.971007648667528e-13,,,,validation
4967012996447794688,12.157619,13.152413,11.166919,4631.497,1757.399,2176.9172,1.9854946,1.2510425,8.984,0.022,8.915,0.02,8.817,0.024,8.619,0.298,hh00,0.0,9.943,0.024,9.326,0.022,9.104,0.019,49.64435639697991,8.678269576221574,True,3422.880245090873,0.1620436574451428,5.241504697129968e-13,,,,validation
3878225519757554560,11.6303835,12.691583,10.591617,1050.6409,922.92676,1330.3673,2.099966,3.1014664,8.299,0.023,8.25,0.019,8.156,0.023,7.867,0.21,0000,0.0,9.306,0.026,8.658,0.033,8.403,0.023,38.663399345500224,8.693883323951852,True,3269.564144620347,0.1979980308746914,8.627137155790896e-13,,,,validation
5282078981103235200,13.619821,14.985434,12.46566,612.5246,139.76768,270.16757,2.5197735,1.1515726,9.879,0.023,9.75,0.02,9.658,0.031,9.626,0.539,hh00,1.0,10.841,0.024,10.209,0.022,9.98,0.023,95.46694243255432,8.720555932893191,True,3368.37538597609,0.1596418132267281,2.266106559709165e-13,,,,validation
2004912522161185408,13.644956,14.847354,12.558998,3162.3274,993.9234,2309.5945,2.2883558,1.199945,10.162,0.023,10.062,0.02,9.87,0.036,9.566,0.495,0000,0.0,11.175,0.027,10.549,0.032,10.296,0.021,96.02147351445296,8.733114168865836,True,3325.212875651112,0.1562426449436004,1.62247966052772e-13,,,,validation
1801395767404037120,12.426245,13.485524,11.404793,3940.5237,1043.2812,2102.3486,2.0807314,1.2995192,9.155,0.023,9.097,0.019,8.957,0.029,8.619,0.33,0000,0.0,10.084,0.027,9.477,0.035,9.27,0.024,54.46003565433682,8.745855393342676,True,3487.293270077216,0.1723906397664559,4.44372271384869e-13,,,,validation
1004166686699852672,12.082971,12.316985,10.345074,1358.1566,142.49745,130.3037,1.9719114,2.2109904,8.131,0.023,8.056,0.02,7.969,0.021,7.741,0.147,0h00,1.0,9.083,0.027,8.464,0.024,8.252,0.016,46.1107024734999,8.763962307354404,True,3443.198704630562,0.1593741197930435,1.1683326810099032e-12,,,,validation
5218295791881304704,13.265509,14.367213,12.22129,3284.0312,1171.3123,2734.421,2.1459236,1.0448499,9.865,0.022,9.807,0.019,9.725,0.03,9.598,0.474,0h00,0.0,10.878,0.026,10.312,0.026,10.061,0.027,78.6920989630293,8.785853352754529,True,3479.419659178426,0.1208500699679674,2.2323780555528899e-13,,,,validation
3255536595635970048,12.511246,13.6242,11.458549,3206.2412,1070.521,1898.7455,2.1656513,1.5808588,9.13,0.024,9.059,0.019,8.953,0.033,8.575,0.51,0000,0.0,10.11,0.021,9.465,0.029,9.254,0.023,55.27121659648328,8.798750879431964,True,3380.5898802199126,0.1709033231498515,4.37396945504616e-13,,,,validation
1470624328597638400,12.825589,13.898777,11.795858,4077.787,1229.4507,2447.8896,2.1029186,1.2060999,9.516,0.024,9.445,0.02,9.341,0.037,8.973,0.489,0000,0.0,10.469,0.022,9.853,0.021,9.646,0.018,63.38031914537717,8.815816891464845,True,3463.791082888159,0.1549661824485433,3.312102915965099e-13,,,,validation
1244547351898275968,12.6152,13.775389,11.539744,2793.0698,1111.996,1773.8146,2.2356443,9.877666,9.201,0.023,9.11,0.02,8.994,0.026,8.783,0.368,0000,0.0,10.143,0.022,9.525,0.023,9.306,0.017,57.03784372047319,8.834384505367282,True,3427.9345404499663,0.1623854936034701,4.391680356387618e-13,,,,validation
827516678975671168,12.82255,13.899661,11.7934065,1541.2739,349.4589,639.1983,2.1062546,1.1196785,9.517,0.023,9.433,0.02,9.287,0.031,8.755,0.424,0000,0.0,10.466,0.023,9.837,0.021,9.611,0.018,62.23085152245331,8.852521281999344,True,3383.0450378595287,0.1740821617730491,3.220229207395979e-13,,,,validation
5347511158592758144,11.926103,13.049957,10.868363,4345.672,1561.5099,2245.0654,2.181594,0.9903013,8.579,0.023,8.503,0.02,8.41,0.02,8.476,0.209,0000,0.0,9.548,0.026,8.922,0.024,8.712,0.023,40.98608938980684,8.862920585466519,True,3430.46809662094,0.1571945195282777,7.50922468738321e-13,,,,validation
6399332019265651200,12.984455,14.175497,11.900826,2512.861,652.7746,1076.4194,2.2746706,1.2279704,9.453,0.023,9.409,0.02,9.249,0.032,8.693,0.346,0000,0.0,10.471,0.023,9.841,0.025,9.6,0.023,66.20474426635,8.880009438385358,True,3344.2413632638986,0.1651024175135642,3.139135870133061e-13,,,,validation
4243556984147170304,12.525126,13.677753,11.458473,3703.264,882.9761,2030.6787,2.2192802,1.1462532,9.079,0.022,9.018,0.02,8.941,0.031,8.494,0.304,h000,0.0,10.086,0.026,9.466,0.026,9.241,0.024,53.04436588053479,8.90192969000423,True,3407.8188174005354,0.1493761826416632,4.545737075302893e-13,,,,validation
395298761183712000,12.756812,13.726824,11.776835,6027.237,1571.4279,4526.7217,1.9499884,1.0789022,9.663,0.023,9.554,0.02,9.438,0.029,9.31,0.487,0h00,0.0,10.544,0.023,9.981,0.023,9.774,0.024,58.380879383913616,8.925458837875276,True,3607.603062787727,0.1350793456830648,3.13155403678525e-13,,,,validation
6248549564481531008,13.005762,14.2758875,11.886491,2936.9448,661.16156,2044.3827,2.3893967,1.3951445,9.394,0.022,9.35,0.02,9.233,0.039,8.638,0.418,0000,0.0,10.393,0.023,9.739,0.024,9.502,0.021,64.82107308022404,8.947180918589204,True,3297.1242833340093,0.1902206038989558,3.310859658008988e-13,,,,validation
1322514541766841856,12.193163,13.284314,11.153394,3963.157,1057.5123,2354.8606,2.1309204,1.1840123,8.858,0.023,8.784,0.02,8.668,0.024,8.072,0.189,0000,0.0,9.822,0.022,9.215,0.019,9.018,0.018,44.2657337658775,8.9628246617592,True,3513.8345727399715,0.1366739775254373,6.177982985866188e-13,,,,validation
5903077341703336192,12.819934,13.98649,11.741972,3609.6794,757.37805,1924.0464,2.2445183,1.1838063,9.353,0.022,9.297,0.02,9.193,0.032,9.004,0.536,0000,0.0,10.343,0.023,9.716,0.026,9.518,0.023,58.49431187599237,8.984365818390373,True,3458.6169013613867,0.1484690465420997,3.660635509288961e-13,,,,validation
5147069810886724736,12.858594,14.041321,11.776027,2019.7744,676.09674,1500.9199,2.265294,1.108327,9.413,0.023,9.342,0.02,9.246,0.033,8.878,0.386,0000,1.0,10.364,0.024,9.778,0.021,9.537,0.021,59.01387574897414,9.003823310204538,True,3453.4603235030263,0.1510871884523026,3.575173083872655e-13,,,,validation
2864373514303832064,12.959282,14.002588,11.9398775,4423.1465,1558.9873,2403.9307,2.0627108,1.1683524,9.772,0.023,9.638,0.019,9.542,0.04,8.724,0.341,0000,0.0,10.644,0.021,10.096,0.017,9.907,0.022,61.34224405081189,9.020483702490012,True,3704.21944611552,0.1102812944060052,3.033603399515051e-13,,,,validation
4645519434323448576,12.609795,13.805916,11.520279,1466.5472,361.35706,724.8705,2.285637,1.5101384,9.114,0.023,9.034,0.02,8.908,0.025,8.494,0.278,0000,0.0,10.102,0.022,9.447,0.023,9.252,0.021,51.81094146461231,9.037687580045656,True,3395.381030838934,0.1611210300540346,4.553723214040981e-13,,,,validation
1277405878938096000,13.853892,14.646774,12.290782,1427.4966,69.08232,58.348743,2.3559923,1.3830127,9.671,0.023,9.563,0.021,9.42,0.031,9.077,0.378,0,0.0,10.65,0.026,10.081,0.033,9.849,0.024,91.22353459897192,9.05335752173994,True,3521.886138232497,0.1112555390855331,2.8086862058560824e-13,0.1584365961948641,False,175.0,template
6136877081885213568,12.441957,13.667543,11.345642,1265.2511,323.5258,626.9852,2.3219013,1.5722529,8.884,0.022,8.853,0.019,8.711,0.023,8.576,0.284,0000,0.0,9.892,0.023,9.262,0.025,8.996,0.02,47.29992314121736,9.067654824785816,True,3285.577530096444,0.1885187485699916,5.179560646784166e-13,,,,validation
5382129110393380992,13.197154,14.449848,12.081797,2945.6455,562.6981,1733.2155,2.3680515,1.2047065,9.581,0.023,9.533,0.019,9.354,0.031,9.056,0.438,0000,0.0,10.583,0.024,9.958,0.023,9.704,0.021,66.31010838519322,9.08925531112214,True,3325.212875651118,0.1744390315742826,2.796301291076732e-13,,,,validation
1409868923818595840,13.156188,14.366912,12.066317,2539.396,582.27844,1144.9955,2.3005953,1.1206155,9.652,0.022,9.565,0.02,9.434,0.027,9.217,0.281,0000,0.0,10.64,0.022,10.019,0.021,9.78,0.018,64.60076642864757,9.10499964734982,True,3370.809869336619,0.1558901602915592,2.763501792276929e-13,,,,validation
5190159912099304064,13.296156,14.638742,12.137346,1246.9995,330.17886,631.8098,2.5013962,8.0248785,9.547,0.023,9.435,0.02,9.317,0.028,9.167,0.431,d00P,0.0,10.568,0.023,9.958,0.026,9.713,0.025,68.48014538362018,9.118332631605083,True,3383.0450378595256,0.1293309020862597,2.946998432337189e-13,,,,validation
3163753728635483648,12.390382,13.611142,11.278186,1025.046,782.6915,1512.6841,2.3329563,10.009464,8.871,0.024,8.751,0.02,8.634,0.027,8.227,0.302,0000,0.0,9.841,0.021,9.25,0.022,9.016,0.017,44.75628356478406,9.136111916160452,True,3458.616901361387,0.1276950404101468,5.962464541862949e-13,,,,validation
1671819872553981952,13.474405,14.45601,12.191545,2287.2534,59.770832,51.981316,2.2644653,1.363033,9.505,0.023,9.405,0.02,9.303,0.026,8.862,0.236,0000,0.0,10.493,0.019,9.862,0.015,9.635,0.015,73.07697034594585,9.155502330496796,True,3375.6924777191207,0.158313945307222,3.294836504826074e-13,,,,validation
5770323029291764608,12.192256,13.37075,11.113822,3248.892,1081.0424,1995.2759,2.2569284,1.1868562,8.746,0.023,8.65,0.02,8.532,0.02,8.418,0.175,0000,0.0,9.721,0.024,9.104,0.024,8.854,0.02,40.05165005616882,9.17915393528608,True,3353.8479691260823,0.1629115290697005,6.287961152303065e-13,,,,validation
1261214367627757184,12.294818,13.429578,11.233021,3254.9233,784.7323,1704.5272,2.196557,1.5087084,8.922,0.023,8.821,0.02,8.694,0.023,8.519,0.276,0000,0.0,9.899,0.02,9.231,0.018,9.057,0.018,41.62570749869119,9.198009859300036,True,3415.3305856887905,0.160235086833356,5.696629936985767e-13,,,,validation
4725844191866726144,13.962592,14.927579,12.520714,1287.2356,308.38303,665.9692,2.4068651,2.2563734,9.989,0.022,9.92,0.02,9.79,0.042,9.219,0.529,0000,0.0,11.02,0.024,10.428,0.023,10.163,0.021,88.92300812655562,9.217521271100797,True,3378.139380361381,0.1337138954635324,1.940897706163586e-13,,,,validation
5640843784095648128,13.730276,14.935455,12.640239,3828.7617,967.9654,2398.8433,2.2952166,1.9457533,10.256,0.023,10.113,0.02,9.968,0.046,9.291,0.502,0000,0.0,11.187,0.022,10.633,0.024,10.399,0.021,79.25508254378471,9.235140386879657,True,3557.265122744667,0.1097581716324616,1.7451847589762529e-13,,,,validation
5640774411782678912,11.984773,13.165389,10.902695,3172.6492,881.25397,1928.5254,2.2626944,1.2638518,8.524,0.023,8.411,0.02,8.331,0.021,8.239,0.228,hh00,1.0,9.508,0.023,8.932,0.025,8.705,0.021,35.245572674206564,9.249250142855011,True,3516.5134871715504,0.1076249116353712,8.172807478978764e-13,,,,validation
2219746545775159680,12.798718,13.947935,11.7288065,2872.7332,902.64795,2128.8037,2.2191286,2.560757,9.426,0.023,9.292,0.02,9.234,0.026,9.038,0.315,hh00,0.0,10.336,0.023,9.783,0.027,9.56,0.023,50.850591863660966,9.267237939210007,True,3590.644695830471,0.1161605839234452,3.800703080029133e-13,,,,validation
2323761887650523520,12.452941,13.756338,11.318212,1465.3314,299.33475,810.96497,2.4381266,1.4278268,8.8,0.024,8.709,0.02,8.599,0.025,8.299,0.25,0000,1.0,9.836,0.024,9.181,0.022,8.949,0.021,42.99330233974874,9.285936975991092,True,3306.427524650045,0.1559424036299948,5.740560278494703e-13,,,,validation
1992419321278037376,13.225173,14.531223,12.082282,2061.529,196.3351,548.4901,2.4489412,5.270605,9.554,0.097,9.43,0.053,9.35,0.065,9.189,0.528,HHo0,0.0,10.567,0.035,9.933,0.023,9.701,0.018,60.77270680159404,9.306630099255996,True,3356.259692867324,0.1647094840894801,3.2351423870788173e-13,,,,validation
1031319955277361280,13.768161,15.082374,12.615524,1686.1725,720.97034,1743.5944,2.4668493,4.783082,10.117,0.023,9.984,0.02,9.879,0.05,9.144,0.515,0000,0.0,11.069,0.024,10.468,0.03,10.256,0.019,77.51728620912036,9.321168199203008,True,3489.9270082555154,0.1295470585966155,1.8998962458733817e-13,,,,validation
789672897501895168,13.413097,14.639913,12.312384,3380.338,655.7364,1289.5667,2.327529,1.2229769,9.907,0.022,9.795,0.019,9.673,0.045,9.118,0.532,0000,0.0,10.876,0.024,10.229,0.027,10.02,0.022,65.25853289471614,9.339910470001769,True,3380.5898802199126,0.1649381896768903,2.1660496768003125e-13,,,,validation
5488009503166951296,13.71817,14.9550085,12.61148,2563.4702,532.1729,1393.9095,2.3435287,1.0603721,10.294,0.027,10.15,0.025,10.121,0.045,9.254,0.481,hh00,0.0,11.176,0.026,10.596,0.022,10.386,0.021,74.47481607551471,9.358122803269374,True,3551.769276966017,0.1411409527751962,1.7768076951136628e-13,,,,validation
6854192454896129024,12.130773,13.461734,10.988178,2324.8145,1167.6305,1923.1624,2.4735556,1.1013244,8.433,0.022,8.355,0.02,8.262,0.025,8.142,0.249,0000,0.0,9.458,0.022,8.838,0.025,8.575,0.023,35.48284180712944,9.380681024848249,True,3315.790103559714,0.1556127093004236,7.960705755040376e-13,,,,validation
948755080234713856,12.33194,13.620048,11.20289,1427.4594,453.64084,688.3665,2.4171572,1.2211173,8.754,0.023,8.649,0.02,8.537,0.025,8.257,0.347,0000,0.0,9.705,0.02,9.098,0.016,8.887,0.018,38.631211757770686,9.397248344927018,True,3476.8035579919874,0.1432543496891861,6.890522026176399e-13,,,,validation
593644817670997632,13.04041,14.489125,11.844245,1479.1517,813.4287,2131.9768,2.6448803,5.994342,9.2,0.024,9.057,0.02,8.917,0.031,8.123,0.239,0000,0.0,10.264,0.023,9.638,0.025,9.375,0.021,53.036443990499706,9.417538011918726,True,3301.7686275756864,0.1221403507287766,3.907163557208385e-13,,,,validation
5343571127413772160,12.268664,13.440119,11.189913,3857.473,1405.084,3061.0574,2.250206,1.0020033,8.828,0.023,8.735,0.02,8.603,0.021,8.272,0.152,0h00,0.0,9.787,0.022,9.235,0.022,8.995,0.019,36.85246138389296,9.436331501067585,True,3546.293915057448,0.1126044242133693,6.34735844288594e-13,,,,validation
4028841673412259584,12.815831,14.144882,11.672852,2481.0762,783.6787,1433.78,2.4720306,1.3928282,9.234,0.023,9.112,0.021,8.958,0.028,8.702,0.478,0000,0.0,10.144,0.022,9.587,0.014,9.341,0.018,46.87348589466961,9.461194737996884,True,3516.513487171547,0.1396209467882588,4.618111261731083e-13,,,,validation
372395899610378880,13.631443,15.0755825,12.452908,1642.9197,443.28662,1209.6084,2.622675,2.1133893,9.883,0.023,9.716,0.021,9.548,0.036,9.158,0.525,0000,0.0,10.847,0.02,10.315,0.026,10.042,0.02,67.44744682179515,9.486615428047298,True,3511.160074906793,0.0923118939662658,2.385474116690091e-13,,,,validation
6143984423832713856,14.309767,15.591365,12.689154,1745.2955,41.544853,38.25067,2.9022112,0.72705936,9.527,0.023,9.329,0.02,9.193,0.027,8.919,0.35,0,0.0,10.569,0.028,9.982,0.03,9.738,0.023,91.23667570749038,9.50891973513754,True,3443.198704630556,0.0783628223068735,3.0857381606379523e-13,0.1027099877815231,False,184.0,template
6197821224706514176,12.620387,13.958201,11.476794,1713.2526,391.75513,954.91626,2.4814072,1.4916621,9.001,0.023,8.871,0.021,8.783,0.029,8.696,0.44,0000,0.0,9.953,0.022,9.357,0.022,9.108,0.021,41.52786401879747,9.528689031027294,True,3407.8188174005413,0.1459751160720015,5.219241073716817e-13,,,,validation
2218528012014765184,13.534269,14.5708685,12.101353,1650.6394,202.01619,209.48615,2.4695158,6.2743783,9.581,0.022,9.432,0.019,9.272,0.027,9.162,0.349,hh00,0.0,10.525,0.027,10.009,0.031,9.784,0.022,62.66151055564474,9.549264699835105,True,3692.196680120506,0.0686773432976174,3.3552279289803165e-13,,,,validation
2178732494326962048,13.081673,14.385614,11.954017,1693.8909,468.67816,900.17523,2.4315977,1.2232647,9.485,0.023,9.372,0.02,9.207,0.028,9.115,0.442,0000,0.0,10.462,0.023,9.877,0.023,9.632,0.019,50.39442802464218,9.569760398320582,True,3445.7574314449034,0.127758989796368,3.316030566874988e-13,,,,validation
5076165054791487872,13.163149,14.526868,12.012237,1446.8953,292.31653,569.28406,2.5146313,1.2331823,9.461,0.022,9.355,0.021,9.19,0.027,9.293,0.478,0000,0.0,10.435,0.024,9.856,0.023,9.591,0.021,51.88403910233245,9.5879801101667,True,3410.3185549004515,0.1382181727216518,3.3287925112228014e-13,,,,validation
4873746132349363328,12.983364,14.239576,11.874123,3194.2732,881.1082,1553.1179,2.3654537,1.2365988,9.437,0.022,9.323,0.02,9.195,0.027,9.035,0.459,0000,0.0,10.394,0.027,9.807,0.025,9.581,0.021,47.43947887542569,9.602664451799289,True,3489.9270082555154,0.1290126978383207,3.521733145721942e-13,,,,validation
1873913992390124928,12.80255,13.922141,11.750378,2830.168,919.9589,2219.8982,2.1717634,1.306048,9.474,0.023,9.341,0.02,9.208,0.034,9.02,0.441,0,0.0,10.388,0.021,9.842,0.022,9.62,0.017,43.167106349371096,9.626785313658695,True,3613.295544627457,0.107029580037374,3.730818078406116e-13,0.1761642474265059,False,186.0,template
955071156057616000,12.717067,13.879202,11.645502,2973.2844,753.7052,2133.942,2.2336998,1.287755,9.308,0.024,9.18,0.02,9.119,0.035,8.924,0.515,0000,0.0,10.263,0.024,9.682,0.029,9.451,0.023,41.15409361609002,9.645001794183834,True,3492.5655665713703,0.1245471902737639,3.96879207218517e-13,,,,validation
4830806423713008640,13.782221,15.09408,12.651576,2809.786,798.24475,1659.5364,2.442504,1.1067448,10.157,0.023,10.042,0.02,9.923,0.034,9.312,0.334,hh00,0.0,11.136,0.022,10.524,0.022,10.27,0.019,66.62110737486813,9.664161763748254,True,3356.259692867321,0.1532998362670733,1.7359767732025299e-13,,,,validation
2156905882832596480,13.376191,14.643903,11.957863,766.1726,294.0936,533.8575,2.68604,20.242882,9.235,0.024,9.095,0.02,8.971,0.023,8.822,0.202,0000,0.0,10.266,0.022,9.659,0.019,9.383,0.015,54.817387249619,9.681599339979885,True,3315.7901035597165,0.1317397562339402,3.9655484016573773e-13,,,,validation
1013375508899593984,14.018047,15.039972,12.475801,117.64849,465.87738,937.2829,2.5641708,45.249084,9.908,0.024,9.74,0.02,9.574,0.036,9.015,0.541,hh00,0.0,10.897,0.023,10.298,0.026,10.07,0.022,72.84289499040864,9.706111011984753,True,3453.460323503029,0.1095871181519359,2.251290615467448e-13,,,,validation
1132559859227065344,13.649436,15.130605,12.460497,1080.4409,240.33107,481.71606,2.6701078,1.2057773,9.797,0.022,9.672,0.02,9.496,0.035,9.092,0.516,0000,0.0,10.759,0.021,10.142,0.018,9.908,0.021,60.75053609803348,9.731685426229287,True,3392.9053184408926,0.1513852295262215,2.509539501622927e-13,,,,validation
5382212982513931904,13.266152,14.66521,12.099777,2828.0984,643.0834,1155.1722,2.5654325,1.2554066,9.58,0.023,9.442,0.02,9.184,0.028,8.842,0.332,0000,2.0,10.52,0.022,9.942,0.026,9.702,0.021,50.47651999355813,9.750704971641715,True,3476.803557991988,0.1301893267016818,3.1272675816996644e-13,,,,validation
3871785031614139776,12.697027,13.879604,11.620038,2338.798,548.6587,1569.0812,2.2595663,1.117285,9.262,0.024,9.137,0.021,9.024,0.036,8.272,0.289,0000,0.0,10.22,0.021,9.624,0.022,9.408,0.017,38.44481274280327,9.772838250593884,True,3492.565566571368,0.1260674695297388,4.2647203716912166e-13,,,,validation
2662511150902343424,13.420528,14.716006,12.295287,2858.8418,645.8885,1489.084,2.4207191,3.1339605,9.805,0.022,9.67,0.02,9.616,0.044,8.785,0.453,dd00,0.0,10.801,0.023,10.181,0.023,9.954,0.021,53.05334167346604,9.796964279865035,True,3402.8306509164127,0.1311374683827221,2.414395581750332e-13,,,,validation
4586468105070182784,12.656654,14.019092,11.499106,2623.6084,960.5577,2085.393,2.5199852,1.2999225,9.054,0.022,8.885,0.021,8.787,0.026,8.548,0.279,0,0.0,9.937,0.022,9.394,0.017,9.172,0.019,36.930940924769175,9.81970213636879,True,3621.873935078864,0.1111340263863966,5.705940080339111e-13,0.2091984282269265,False,190.0,template
1375534023248855296,13.529054,14.781347,12.227435,2986.467,128.48065,101.4344,2.5539122,1.325264,9.623,0.022,9.455,0.02,9.308,0.028,9.069,0.329,0000,0.0,10.613,0.025,10.043,0.03,9.843,0.023,54.67610282212621,9.840066242207577,True,3607.6030627877335,0.0734280137850976,3.0847645290398186e-13,,,,validation
4179996557704888960,13.0915575,14.508338,11.920561,1788.6139,726.3782,1722.9221,2.5877771,16.525757,9.445,0.023,9.256,0.02,9.133,0.034,8.607,0.404,0000,0.0,10.325,0.023,9.834,0.022,9.571,0.023,44.202368498407495,9.864329795988724,True,3653.725051918757,0.0885835369356859,3.9403767583364773e-13,,,,validation
5481550456467646976,13.800882,15.2751465,12.615529,2264.3433,503.0362,1005.552,2.6596174,1.2993824,9.924,0.023,9.834,0.02,9.682,0.032,9.109,0.302,0000,0.0,10.976,0.026,10.307,0.025,10.062,0.021,60.45405953211893,9.893754653238329,True,3244.751903912064,0.1686777017711792,1.9490971946928773e-13,,,,validation
3142446430241371008,13.14412,14.471562,12.009386,1671.9625,485.05038,1659.4238,2.4621763,1.1846099,9.509,0.023,9.399,0.019,9.289,0.038,8.482,0.364,0000,0.0,10.473,0.022,9.901,0.024,9.63,0.023,44.24599065501504,9.914750383620788,True,3412.8220853950306,0.1406553246371004,3.1737210578800453e-13,,,,validation
387731166240901632,13.330006,14.534026,11.761297,374.69086,492.36523,1266.6207,2.772729,40.25242,9.0,0.022,8.866,0.02,8.733,0.024,8.659,0.261,0000,0.0,10.086,0.021,9.422,0.021,9.163,0.017,47.48763604517701,9.94710324622428,True,3224.764068453821,0.1425875961408886,4.593409729210123e-13,,,,validation
1336988963803208448,12.685598,13.995087,11.549934,2349.2476,680.81635,1690.037,2.4451523,1.3364751,9.196,0.022,9.007,0.02,8.907,0.025,8.512,0.273,0,0.0,10.055,0.021,9.547,0.022,9.328,0.019,34.9812086297344,9.966423946820116,True,3734.670181474864,0.0867743137859176,5.223596687623463e-13,0.1391346908134796,False,193.0,template
1847100064887658624,13.180658,14.463861,12.061633,4096.666,1166.027,2531.3472,2.4022284,1.1001111,9.621,0.022,9.485,0.02,9.36,0.036,8.94,0.442,0000,0.0,10.568,0.02,10.005,0.022,9.766,0.018,43.53334080076369,9.98654801642254,True,3519.1972024089814,0.1140519710021559,3.0845686507201056e-13,,,,validation
4519581823479559040,12.918487,14.270473,11.771379,2383.7327,684.3373,1136.4069,2.499093,1.1472028,9.267,0.023,9.133,0.019,8.97,0.031,8.393,0.274,0h00,0.0,10.224,0.02,9.638,0.017,9.419,0.014,37.92624609891732,10.023787705970072,True,3511.160074906796,0.1191561026999813,4.3260052494998243e-13,,,,validation
356120859778314240,13.592507,15.068753,12.404067,2123.3408,595.43585,1853.5651,2.6646862,1.0080496,9.725,0.024,9.614,0.02,9.428,0.039,8.93,0.528,0000,0.0,10.759,0.022,10.079,0.028,9.86,0.022,51.07355450749773,10.05152657999259,True,3278.6932361959075,0.1654356256781209,2.408948546171743e-13,,,,validation
5018649189225937792,12.590471,13.933957,11.433012,3691.687,800.29895,1994.6525,2.500945,1.6288837,8.924,0.023,8.776,0.021,8.678,0.028,8.282,0.244,0000,0.0,9.944,0.024,9.348,0.024,9.067,0.021,31.90920446699877,10.070891115650966,True,3329.9477619480645,0.1275413496294178,5.211938789892949e-13,,,,validation
5231827515845768448,14.67331,15.530837,13.016255,530.35504,209.28961,683.3788,2.5145817,33.96448,10.267,0.022,10.134,0.019,10.02,0.035,9.29,0.372,hhhH,1.0,11.443,0.028,10.846,0.027,10.589,0.024,82.17593748809965,10.09958666327239,True,3385.5044565636017,0.0505780730162999,1.4085870392183274e-13,,,,validation
3396259618542319360,13.9277725,14.655098,12.200549,954.26935,58.243855,79.78529,2.4545488,1.7054527,9.606,0.023,9.466,0.021,9.384,0.05,8.628,0.447,0000,0.0,10.609,0.019,10.002,0.017,9.799,0.018,57.695011969500754,10.122081161063754,True,3497.855553876879,0.1049205277491726,3.081722030148597e-13,,,,validation
6378892098104874880,13.39206,15.038931,12.155352,1738.9341,338.32208,755.88257,2.8835793,1.3490074,9.389,0.023,9.208,0.02,9.062,0.03,8.87,0.419,0000,0.0,10.402,0.024,9.83,0.025,9.555,0.025,44.4796095110549,10.15125517052236,True,3402.8306509164127,0.099987374155292,3.492546618955042e-13,,,,validation
5256152393867618688,13.531364,14.745366,12.024785,1237.2781,30.335878,40.86302,2.720581,1.3761659,8.805,0.023,8.697,0.021,8.575,0.02,8.31,0.187,0,0.0,9.988,0.03,9.388,0.035,9.122,0.03,46.91131278019586,10.174976067281095,True,3356.259692867321,0.0640045552155503,5.26432779699841e-13,0.1427846142161808,False,197.0,template
3132301476972621184,12.3802,13.945358,11.166424,1718.682,402.32782,1105.371,2.7789345,1.2881502,8.383,0.022,8.28,0.02,8.164,0.022,7.667,0.166,0000,0.0,9.453,0.021,8.82,0.025,8.547,0.021,27.32837788404732,10.197130728641426,True,3262.7551278695214,0.1424743429601061,8.071318382803215e-13,,,,validation
4739382444180814336,13.325589,14.723439,12.162969,2836.741,603.4707,1709.8037,2.5604706,3.244585,9.632,0.023,9.454,0.019,9.262,0.028,9.309,0.482,0000,0.0,10.625,0.024,10.071,0.025,9.805,0.021,41.67411754185728,10.226256938394751,True,3471.585435441213,0.0900578890598597,2.900878205600521e-13,,,,validation
3281680164644906112,12.648895,14.004579,11.497564,2368.2268,639.344,1080.53,2.5070143,1.2130798,8.983,0.024,8.843,0.02,8.746,0.026,8.904,0.521,0000,0.0,9.981,0.023,9.388,0.024,9.168,0.025,30.072581017648552,10.258041482108183,True,3489.927008255518,0.1034916651161747,5.30006748866768e-13,,,,validation
1393681260799837184,12.688842,13.933574,11.234962,1197.5093,630.74316,1308.5312,2.6986113,34.721027,8.621,0.023,8.433,0.02,8.281,0.021,7.911,0.139,0000,0.0,9.595,0.02,9.05,0.017,8.778,0.018,30.26954165837256,10.283812775419754,True,3479.4196591784307,0.0935374072970201,7.646685548220551e-13,,,,validation
4160666795398010240,13.120804,14.535206,11.954887,1930.6769,444.95126,1433.9637,2.5803185,1.0779047,9.392,0.022,9.25,0.02,9.114,0.041,8.814,0.419,0dh0,0.0,10.44,0.024,9.802,0.024,9.534,0.021,36.49986035283849,10.309347985677585,True,3262.7551278695223,0.1429607041009271,3.2453109254718297e-13,,,,validation
357578743476642048,13.355287,14.768757,12.192747,2234.2095,926.05945,1767.703,2.5760098,1.328895,9.609,0.022,9.485,0.02,9.34,0.034,8.997,0.455,0000,0.0,10.607,0.025,10.014,0.032,9.781,0.019,40.28126132662703,10.329771694239383,True,3456.0365785593667,0.1164094147063325,2.899901479585016e-13,,,,validation
4575280707395399424,12.451595,13.839198,11.28415,2137.6301,509.76758,1001.50336,2.555048,1.3139781,8.723,0.024,8.579,0.021,8.447,0.023,8.516,0.291,0000,0.0,9.695,0.022,9.136,0.023,8.877,0.02,26.092359884121816,10.369028200071227,True,3476.80355799199,0.1082883048003063,6.835525222085332e-13,,,,validation
1362884318063104640,13.351641,14.868584,12.1537285,1706.6866,413.36172,950.55817,2.7148552,1.1646048,9.511,0.022,9.353,0.02,9.212,0.026,8.467,0.185,h000,0.0,10.499,0.021,9.921,0.02,9.641,0.014,39.020691054007024,10.395166217725908,True,3375.6924777191234,0.126045336812643,3.214678756696941e-13,,,,validation
2131364330800527872,13.305207,14.405236,11.8289995,963.2575,406.23312,675.8999,2.5762367,10.047692,9.246,0.023,9.076,0.02,8.966,0.026,9.144,0.36,0000,0.0,10.22,0.023,9.697,0.033,9.432,0.022,37.65303662720312,10.426206966206465,True,3557.265122744668,0.0759695175459813,4.289286333736383e-13,,,,validation
4847504363206652160,13.451898,14.87321,12.287129,2314.458,617.09424,1824.9801,2.5860806,1.1502761,9.724,0.023,9.569,0.02,9.429,0.029,9.144,0.368,0000,0.0,10.738,0.022,10.156,0.021,9.882,0.019,39.7876096690769,10.453158756481244,True,3380.589880219907,0.1127855468405043,2.5738636464995535e-13,,,,validation
4269294730306503936,12.337047,13.819059,11.145191,1204.1703,312.04562,833.1746,2.6738682,1.2650502,8.492,0.022,8.368,0.019,8.307,0.033,8.326,0.312,0o00,0.0,9.503,0.022,8.904,0.026,8.656,0.028,23.349491985128367,10.495659819698249,True,3402.8306509164163,0.1246088205223115,7.850416636020808e-13,,,,validation
1858251208752080384,14.003562,14.547028,12.133345,293.2676,223.85408,940.1354,2.413683,4.827238,9.674,0.023,9.549,0.02,9.435,0.035,8.919,0.472,dd00,0.0,10.632,0.024,10.071,0.03,9.824,0.02,49.39344852424944,10.53521525724965,True,3503.162901323802,0.1162399494761434,2.840762936285774e-13,,,,validation
2186377291285211136,13.474388,14.806898,12.336694,2469.6025,522.78986,1197.3904,2.4702044,1.1114359,9.855,0.022,9.702,0.02,9.555,0.028,9.376,0.376,0000,0.0,10.853,0.021,10.253,0.021,10.024,0.014,38.09068753771365,10.570293941218726,True,3448.3201659748784,0.110406358198069,2.3892415067257774e-13,,,,validation
6358927234687753088,13.527983,15.112049,12.308372,2676.3784,629.1905,1310.5272,2.8036776,1.3147395,9.646,0.023,9.473,0.02,9.304,0.034,9.096,0.521,0000,0.0,10.596,0.024,10.053,0.024,9.784,0.021,38.38748758007728,10.607034555304423,True,3492.5655665713707,0.1044460985500204,2.95759811292238e-13,,,,validation
655086283346700928,12.65922,14.144564,11.464502,2107.378,660.0131,1291.6124,2.6800613,1.5205127,8.847,0.023,8.676,0.02,8.548,0.023,8.448,0.319,0000,0.0,9.847,0.021,9.279,0.022,8.983,0.015,25.14623587583034,10.656855075048512,True,3361.093542479379,0.1178068040087861,5.82920127130209e-13,,,,validation
3017863275957247872,12.514736,13.955783,11.337013,3395.9001,1061.4622,2452.5188,2.6187696,1.2028549,8.76,0.023,8.606,0.021,8.466,0.024,8.179,0.244,0000,0.0,9.766,0.023,9.192,0.025,8.95,0.025,23.102549757281107,10.6964364285895,True,3482.0399663426315,0.0925698806433268,6.458312919910169e-13,,,,validation
6613996340143809664,13.872508,14.704336,12.075395,283.62708,351.23392,837.5867,2.6289415,43.354343,9.479,0.023,9.334,0.02,9.241,0.037,8.672,0.365,0000,1.0,10.492,0.024,9.888,0.024,9.636,0.019,42.31034129409589,10.740275357207302,True,3380.589880219907,0.1212935197293079,3.206073332538889e-13,,,,validation
3398414352095226496,13.806641,14.870439,12.326879,1313.3595,25.420216,41.72085,2.54356,1.1229117,9.275,0.023,9.109,0.02,9.007,0.032,8.797,0.463,0,0.0,10.407,0.031,10.012,0.05,9.628,0.028,40.24124157116364,10.783284141849734,True,3582.2339851200704,0.0468343783501433,3.8902548535095466e-13,0.0470721509452882,False,209.0,template
6637285302091801856,13.410644,14.741135,12.276553,2964.7542,828.83203,2004.8588,2.4645815,1.1775345,9.788,0.023,9.63,0.019,9.469,0.037,9.102,0.457,0,0.0,10.794,0.023,10.213,0.026,9.993,0.023,32.67797463959646,10.839368343027544,True,3521.886138232497,0.0861900937227916,2.5418208235645885e-13,0.1343907551792291,False,210.0,template
6432892240886826240,13.520428,15.056159,12.319141,3568.8313,812.6873,1879.2439,2.7370176,1.2018694,9.655,0.023,9.485,0.019,9.324,0.034,9.152,0.536,0,0.0,10.669,0.023,10.084,0.024,9.821,0.021,33.53688778120316,10.892814211655493,True,3400.3435681227525,0.1053949121134903,2.739766979810253e-13,0.1428697140156263,False,211.0,template
106889061549798784,14.140624,15.840713,12.889771,1186.6661,125.92156,586.5693,2.950941,1.5188292,10.09,0.023,9.911,0.021,9.777,0.041,9.296,0.513,0000,0.0,11.097,0.021,10.507,0.022,10.263,0.016,43.72298356553232,10.937075051791387,True,3435.546963809869,0.0996350452153592,1.906837795638123e-13,,,,validation
2469973676898097536,13.347414,14.858564,12.152173,2834.9587,571.6479,1662.6143,2.7063913,1.1862918,9.5,0.023,9.349,0.021,9.234,0.046,8.701,0.54,0000,1.0,10.516,0.026,9.956,0.022,9.689,0.019,29.65126915486785,10.98719756459143,True,3453.460323503029,0.0908518783863928,3.230599629055339e-13,,,,validation
469602107722440576,13.916015,15.3830185,12.602165,3041.506,197.78958,56.094624,2.7808533,1.5361185,9.331,0.023,9.17,0.02,9.089,0.029,9.044,0.524,0000,1.0,10.348,0.022,9.924,0.034,9.53,0.018,37.76398322352812,11.030626019861964,True,3476.803557991982,0.0648499497401869,3.741028013982846e-13,,,,validation
6853658057885526912,12.574094,14.154498,11.356322,2053.9158,608.74365,1037.8577,2.7981758,1.2497897,8.616,0.024,8.462,0.02,8.327,0.024,7.968,0.237,0,0.0,9.668,0.021,9.115,0.021,8.834,0.019,19.765868224221112,11.094514521655192,True,3435.546963809866,0.0754034939757325,7.115163401619289e-13,0.1505755406561455,False,215.0,template
1410100714613759488,14.081678,15.887388,12.804816,1895.578,330.44803,686.4148,3.082572,1.082259,9.897,0.022,9.695,0.02,9.53,0.029,9.011,0.249,dd00,0.0,10.944,0.027,10.345,0.031,10.078,0.022,38.124358846557136,11.175665256487251,True,3356.259692867321,0.0977607474292855,2.1094796941978962e-13,,,,validation
5845484338511952384,13.993574,15.252785,12.625227,1354.03,23.224964,15.459086,2.6275578,1.6715935,9.522,0.023,9.338,0.02,9.168,0.026,8.65,0.313,0000,0.0,10.592,0.032,10.08,0.038,9.81,0.027,35.62780621194345,11.234628592901068,True,3573.866686375285,0.0221353428703117,3.197057717851193e-13,,,,validation
1852401016606588032,13.848638,15.339323,12.661697,3017.7927,615.64514,1616.9662,2.6776257,1.1386224,10.047,0.022,9.869,0.02,9.738,0.043,8.987,0.497,0000,0.0,11.03,0.02,10.485,0.017,10.212,0.016,32.34640283828872,11.299508045508738,True,3476.80355799199,0.0923048192190536,2.041203009026688e-13,,,,validation
818284389075305600,14.194147,15.279805,12.562377,1544.3862,30.788393,34.65855,2.7174282,1.7887299,9.634,0.023,9.458,0.02,9.294,0.035,8.831,0.499,0000,0.0,10.651,0.022,10.099,0.023,9.812,0.019,36.704756891679175,11.370535240329067,True,3422.880245090873,0.0890643299410871,2.8268645837698373e-13,,,,validation
2870375301602980224,13.504137,15.044686,12.297448,2574.8552,637.42554,1649.1022,2.7472382,1.2194571,9.728,0.022,9.531,0.019,9.328,0.036,8.875,0.445,HH00,0.0,10.656,0.021,10.155,0.017,9.902,0.016,25.86277806701788,11.440761134637857,True,3653.725051918751,0.0665752067080354,3.0055726637281895e-13,,,,validation
5771941441689762048,14.62756,15.572781,12.682108,766.27216,171.06158,229.3397,2.8906727,1.7186793,9.9,0.022,9.713,0.019,9.574,0.033,9.237,0.485,dd00,0.0,10.932,0.023,10.374,0.026,10.074,0.025,41.259541149273424,11.549938030802052,True,3375.6924777191207,0.0935165832584737,2.1251619593148014e-13,,,,validation
679817529670473728,13.770422,15.5772,12.49531,2159.2236,409.47623,874.9717,3.08189,1.2438681,9.518,0.022,9.357,0.02,9.163,0.032,8.744,0.433,0,0.0,10.618,0.019,9.991,0.026,9.705,0.022,26.53633343046924,11.651217422602816,True,3246.990310809668,0.1140793220692328,2.8093942334261024e-13,0.1498476882299524,False,226.0,template
5156187304901709952,14.111292,15.9000025,12.843324,1661.8152,342.43268,835.5852,3.0566788,1.1700481,9.883,0.022,9.72,0.02,9.563,0.038,8.879,0.369,0000,2.0,10.99,0.026,10.406,0.023,10.082,0.026,29.683989341935305,11.748680665084692,True,3258.233274327295,0.0989374810997213,1.9789427852854835e-13,,,,validation
706300980915871616,13.319718,15.022123,12.074059,2965.6638,760.2485,1901.116,2.9480648,1.1718248,9.299,0.023,9.109,0.02,8.949,0.032,8.743,0.464,0,0.0,10.31,0.02,9.761,0.021,9.492,0.018,19.53461970122186,11.865693195876169,True,3476.803557991988,0.0757390651725857,3.975540717888183e-13,0.1040997530603018,False,230.0,template
1552091474426587264,13.834306,15.659509,12.555686,2135.3247,534.62506,1187.8123,3.1038227,1.4886523,9.729,0.024,9.522,0.02,9.316,0.03,8.968,0.446,0000,0.0,10.685,0.021,10.152,0.016,9.864,0.014,23.68093657075562,11.962311627256646,True,3468.983178160699,0.0999328516625894,2.802281293707671e-13,,,,validation
5373198602082778240,14.851067,16.212343,13.088577,905.12573,237.17798,939.5789,3.123766,3.9711022,10.174,0.023,9.97,0.02,9.834,0.045,9.201,0.514,0000,0.0,11.219,0.024,10.662,0.022,10.36,0.023,35.07499647224726,12.1260788198991,True,3373.24915478922,0.0820020644481875,1.6623772285903981e-13,,,,validation
3361034083487398016,13.7556,15.686063,12.45108,1136.131,249.97974,595.13574,3.2349825,1.2227259,9.424,0.024,9.243,0.02,9.093,0.037,8.904,0.519,0,0.0,10.521,0.022,9.965,0.023,9.639,0.016,19.951921219675288,12.255676393387368,True,3318.1405822211545,0.076278801535337,3.171808163228763e-13,0.1455393575096089,False,238.0,template
6437366909611503104,13.630835,15.610258,12.317949,2417.5808,411.65445,1330.6112,3.2923088,1.2909138,9.274,0.026,9.091,0.025,8.87,0.028,8.702,0.319,0,0.0,10.347,0.024,9.814,0.024,9.445,0.019,17.460467382256116,12.420555676342955,True,3271.8412399267554,0.0975369072757378,3.635177147408062e-13,0.1134114022761352,False,241.0,template
547381594623756416,13.015211,14.957096,11.711619,2301.769,611.7578,1481.085,3.2454767,1.2238071,8.862,0.023,8.635,0.02,8.494,0.024,8.453,0.294,0000,1.0,9.85,0.026,9.409,0.049,9.083,0.02,12.097659035618443,12.60170429976996,True,3616.14981423949,0.0327244666360618,6.265584366487448e-13,,,,validation
6143501502007380608,13.757075,15.882967,12.411491,687.3433,117.09375,335.0168,3.4714756,1.0882654,9.201,0.022,9.028,0.019,8.821,0.023,8.677,0.28,0,0.0,10.32,0.023,9.751,0.025,9.441,0.023,15.668112371137877,12.78199161184306,True,3325.212875651117,0.0691263339698969,3.799621806839802e-13,0.0631302228150101,False,248.0,template
4975847194422433280,13.852827,16.025772,12.500967,2421.8599,458.69073,1187.7079,3.524805,1.3742158,9.349,0.023,9.156,0.02,8.968,0.026,8.437,0.262,0,0.0,10.445,0.022,9.828,0.024,9.538,0.022,14.605823723099215,13.030196725698392,True,3260.4918191451925,0.1017847328219799,3.326553455637819e-13,0.2644170340629017,False,253.0,template
1705877279585273472,15.077186,17.442535,13.692547,1048.4102,180.43631,421.169,3.7499886,1.0684111,10.256,0.023,10.079,0.019,9.835,0.034,9.456,0.42,0,0.0,11.441,0.018,10.839,0.019,10.462,0.022,22.771884822706827,13.29019110730556,True,3106.3477733378886,0.1037724737782617,1.3006333943938718e-13,0.1202892937805355,False,257.0,template
6153267707880611584,15.417848,17.903852,13.905282,429.51407,84.468956,698.9603,3.9985704,5.283891,10.206,0.022,10.009,0.02,9.685,0.037,9.158,0.429,0000,0.0,11.477,0.023,10.825,0.022,10.45,0.019,23.340184044178425,13.577326618690606,True,3012.319001619175,0.0954775153811959,1.262076847036832e-13,,,,validation
